automobile_id,car_model,brand_name,length_mm,width_mm,height_mm,kg,rank
645,BMW 320d,BMW,4770.0,1852.0,1394.0,1890.0,2
646,BMW 320i,BMW,4770.0,1852.0,1392.0,1820.0,2
649,2025 BMW Z4,BMW,4323.0,1864.0,1303.0,1550.0,1
651,BMW 330i,BMW,5060.0,1900.0,1514.0,2350.0,2
654,2025 BMW M4 CS,BMW,4801.0,1918.0,1400.0,1760.0,2
665,2024 BMW M3,BMW,4796.0,1918.0,1438.0,1840.0,2
666,2024 BMW X5,BMW,4935.0,2004.0,1755.0,2420.0,2
667,2024 BMW X6,BMW,4961.0,2004.0,1694.0,2315.0,2
668,2024 BMW X5 M,BMW,4948.0,2014.0,1763.0,2400.0,2
670,BMW 530e,BMW,559.0,1900.0,1514.0,1905.0,2
671,2024 BMW i5,BMW,5060.0,1900.0,1514.0,2305.0,2
672,2024 BMW iX2,BMW,4554.0,1844.0,1560.0,2095.0,2
673,2024 BMW X2,BMW,4567.0,1844.0,1575.0,1770.0,2
682,BMW 335d,BMW,4714.0,1826.0,1440.0,1825.0,2
684,BMW 335i,BMW,4501.0,1844.0,1615.0,2010.0,2
686,BMW iX3,BMW,4501.0,1844.0,1641.0,1690.0,2
687,2023 BMW M2,BMW,4580.0,1887.0,1402.0,1725.0,2
689,2023 BMW i7,BMW,5390.0,1951.0,1544.0,,
690,2023 BMW XM,BMW,5110.0,2004.0,1755.0,2710.0,3
692,BMW M5 CS,BMW,5001.0,1902.0,1468.0,190.0,1
693,2022 BMW i4,BMW,4783.0,1852.0,1448.0,2215.0,2
694,2021 BMW M4,BMW,4793.0,1887.0,1394.0,1995.0,2
695,2022 BMW X3,BMW,4714.0,1897.0,1676.0,2080.0,2
696,BMW X4,BMW,4750.0,1938.0,1621.0,2095.0,2
697,BMW 530i,BMW,4717.0,1897.0,1669.0,2085.0,2
698,BMW 540i,BMW,4755.0,1928.0,1621.0,2085.0,2
710,BMW M5,BMW,4770.0,1852.0,1394.0,1965.0,2
716,2019 BMW M8,BMW,4867.0,1908.0,1361.0,1960.0,2
720,2020 BMW X6,BMW,4935.0,2004.0,1697.0,2335.0,2
722,2019 BMW M2 CS,BMW,4460.0,1872.0,1415.0,1650.0,2
723,2020 BMW X5 M,BMW,4938.0,2014.0,1748.0,2310.0,2
724,2020 BMW X6 M,BMW,4940.0,2019.0,1692.0,2295.0,2
734,BMW M850i,BMW,4460.0,1854.0,1410.0,1650.0,2
736,2019 BMW X5,BMW,4923.0,2004.0,1745.0,2350.0,2
738,2019 BMW Z4,BMW,4323.0,1864.0,1303.0,1480.0,1
744,2018 BMW M4 CS,BMW,4671.0,1869.0,1389.0,1580.0,1
750,BMW X3 (G01) 2017-2021,BMW,4709.0,1890.0,1676.0,1895.0,2
752,BMW i3 2017-Present,BMW,4011.0,1775.0,1598.0,1365.0,1
753,BMW i3s 2017-Present,BMW,4006.0,1791.0,1590.0,1385.0,1
754,BMW M3 CS (F80) 2017-2018,BMW,4671.0,1877.0,1430.0,1660.0,2
757,2016 BMW X1,BMW,4440.0,1821.0,1598.0,1575.0,1
761,2015 BMW M4 GTS,BMW,4689.0,1869.0,1379.0,1510.0,1
768,BMW M2 (F87) 2015-2018,BMW,4468.0,1854.0,1410.0,1570.0,1
769,BMW X5 (F15) 2014-2018,BMW,4887.0,1938.0,1763.0,2355.0,2
810,2010 BMW X5 (E70),BMW,4856.0,1933.0,1775.0,2355.0,2
812,BMW X3 (F25) 2010-2013,BMW,4648.0,1880.0,1661.0,1925.0,2
817,BMW M3 Coupe (E92) LCI 2010-2013,BMW,4615.0,1803.0,1425.0,1600.0,2
821,2010 BMW X1,BMW,4453.0,1796.0,1544.0,1685.0,2
824,BMW M3 Sedan (E90) 2008-2011,BMW,4580.0,1798.0,1448.0,1625.0,2
825,BMW M3 Cabriolet (E93) 2008-2013,BMW,4580.0,1778.0,1379.0,1830.0,2
827,2008 BMW X6,BMW,4877.0,1984.0,1689.0,2265.0,2
834,BMW X5 (E70) 2007-2009,BMW,4854.0,1933.0,1765.0,2085.0,2
839,BMW X3 (E83) 2007-2010,BMW,4656.0,1854.0,1674.0,1875.0,2
842,BMW M3 Coupe (E92) 2007-2011,BMW,4615.0,1816.0,1417.0,1600.0,2
845,BMW M6 Cabrio (E64) 2006-2010,BMW,4872.0,1854.0,1372.0,1905.0,2
851,2005 BMW M5,BMW,4854.0,1847.0,1468.0,1830.0,2
853,BMW M6 Coupe (E63) 2005-2010,BMW,4872.0,1854.0,1372.0,1785.0,2
857,BMW X3 (E83) 2004-2007,BMW,4656.0,1854.0,1674.0,1925.0,2
862,BMW X5 (E53) 2003-2007,BMW,4666.0,1872.0,1715.0,2200.0,2
863,BMW M3 CSL (E46) 2003,BMW,4493.0,1781.0,1364.0,1285.0,1
866,BMW M3 Cabriolet (E46) 2001-2007,BMW,4493.0,1781.0,1369.0,1630.0,2
870,2000 BMW M3 Coupe,BMW,4493.0,1781.0,1372.0,1470.0,1
873,2000 BMW X5 (E53),BMW,4666.0,1872.0,1715.0,2180.0,2
874,BMW Z8 Roadster (E52) 2000-2003,BMW,4399.0,1829.0,1318.0,1590.0,1
877,1998 BMW M5,BMW,4783.0,1801.0,1438.0,1695.0,2
879,BMW M Coupe (E36) 1998-2002,BMW,4026.0,1740.0,1280.0,1390.0,1
880,BMW Z3 Coupe (E36) 1998-2002,BMW,4026.0,1740.0,1306.0,1330.0,1
883,BMW M Roadster (E36) 1997-2002,BMW,4026.0,1740.0,1288.0,1350.0,1
884,BMW L7 (E38) 1997-2001,BMW,5370.0,1859.0,1420.0,2120.0,2
885,BMW Z3 Roadster (E36) 1996-2003,BMW,4049.0,1740.0,1293.0,1345.0,1
888,BMW M3 Sedan (E36) 1994-1998,BMW,4430.0,1709.0,1359.0,1460.0,1
889,BMW M3 Cabriolet (E36) 1994-1999,BMW,4430.0,1709.0,1339.0,1560.0,1
893,BMW M3 Coupe (E36) 1992-1998,BMW,4432.0,1796.0,1336.0,1460.0,1
895,1992 BMW M5 Touring,BMW,4719.0,1750.0,1400.0,1785.0,2
899,BMW Z1 (E30) 1988-1991,BMW,3950.0,1801.0,1278.0,1250.0,1
901,1988 BMW M5,BMW,4719.0,1750.0,1412.0,1670.0,2
903,BMW M3 Coupe (E30) 1986-1992,BMW,4346.0,1679.0,1364.0,1240.0,1
905,1985 BMW M5,BMW,4620.0,1699.0,1400.0,1445.0,1
906,1984 BMW M635 CSi (E24),BMW,4755.0,1725.0,1354.0,1505.0,1
910,BMW M535i,BMW,4618.0,1689.0,1422.0,1390.0,1
911,BMW 635 CSi (E24) 1978-1989,BMW,4755.0,1753.0,1384.0,1501.0,1
912,BMW M1 (E26) 1978-1981,BMW,4359.0,1824.0,1138.0,1300.0,1
914,BMW 630 CS (E24) 1976-1979,BMW,4755.0,1753.0,1384.0,1450.0,1
916,BMW 2002 Turbo,BMW,4219.0,1621.0,1410.0,1060.0,1
918,BMW 3.0 CSL (E9) 1971-1975,BMW,4630.0,1811.0,1369.0,1250.0,1
919,BMW 3.0 CSi 1971-1975,BMW,4658.0,1687.0,1361.0,1420.0,1
920,BMW 2002 1968-1975,BMW,4229.0,1590.0,1410.0,1010.0,1
921,1968 BMW 2800 CS,BMW,4658.0,1681.0,1377.0,1350.0,1
922,BMW 1600 1966-1975,BMW,4229.0,1588.0,1410.0,1050.0,1
925,1962 BMW 3200 CS,BMW,4379.0,1720.0,1461.0,1500.0,1
926,1956 BMW 507 TS Coupe,BMW,4397.0,1651.0,1207.0,1465.0,1
930,1955 BMW isetta,BMW,2946.0,1372.0,1422.0,510.0,1
2110,2025 Ford Explorer,FORD,5047.0,2004.0,1768.0,2101.0,2
2115,2023 Ford Ranger Wildtrak X,FORD,5047.0,2004.0,1768.0,2101.0,2
2116,2024 Ford Ranger,FORD,5349.0,2202.0,1890.0,2003.0,2
2117,2024 Ford Ranger Raptor,FORD,5357.0,2007.0,1928.0,2415.0,2
2120,FORD Bronco Raptor 2022-Present,FORD,4851.0,2177.0,1976.0,2600.0,3
2124,2023 Ford Ranger Raptor,FORD,5359.0,2027.0,1925.0,2454.0,2
2128,2022 Ford Maverick,FORD,5072.0,1979.0,1745.0,1692.0,2
2131,FORD Focus,FORD,4851.0,2177.0,1976.0,2600.0,3
2134,FORD Ranger Wildtrak 2021-Present,FORD,4851.0,2177.0,1976.0,2600.0,3
2141,2021 Ford Puma ST,FORD,4227.0,1806.0,1534.0,1394.0,1
2144,FORD Bullitt 2019-2020,FORD,4788.0,1915.0,1379.0,1746.0,2
2148,2019 Ford Ranger,FORD,5354.0,1859.0,1821.0,2133.0,2
2149,2020 Ford Kuga,FORD,4531.0,2085.0,1694.0,1716.0,2
2150,FORD Escape 2019-2022,FORD,4585.0,2174.0,1742.0,3884.0,3
2151,FORD Puma 2019-Present,FORD,4186.0,1806.0,1537.0,1348.0,1
2155,FORD GT 2019-Present,FORD,4798.0,2113.0,1110.0,1385.0,1
2156,FORD Mondeo,FORD,4869.0,2121.0,1501.0,1751.0,2
2160,FORD Raptor Ranger 2018-Present,FORD,5398.0,2179.0,1872.0,2585.0,3
2161,FORD TRANSIT/TOURNEO CONNECT (7-SEATS) 2018-Present,FORD,4818.0,2136.0,1829.0,907.0,1
2163,FORD Ranger Double Cab 2018-2021,FORD,5375.0,2027.0,1836.0,2198.0,2
2164,FORD Fusion,FORD,4872.0,2121.0,1476.0,1800.0,2
2165,2018 Ford Transit Connect Wagon - North American version,FORD,4826.0,2136.0,1819.0,1823.0,2
2171,FORD Figo,FORD,3942.0,1704.0,1524.0,1823.0,2
2173,FORD Everest 2018-2022,FORD,4902.0,1869.0,1836.0,2477.0,2
2174,FORD GT 2017-2019,FORD,4763.0,2113.0,1110.0,1385.0,1
2176,FORD Fiesta 3 doors 2017-Present,FORD,4041.0,1735.0,1476.0,1188.0,1
2177,FORD Fiesta 5 doors 2017-2021,FORD,4041.0,1735.0,1476.0,1207.0,1
2179,FORD EcoSport 2017-Present,FORD,4097.0,1765.0,1654.0,1456.0,1
2180,2017 Ford Turneo Custom,FORD,4973.0,2032.0,1979.0,2400.0,2
2183,FORD Fiesta Active 2017-2021,FORD,4069.0,1755.0,1499.0,1209.0,1
2185,FORD Galaxy 2016-2019,FORD,4849.0,2136.0,1748.0,,
2190,FORD Fiesta ST200 3 Doors 2016-2018,FORD,3975.0,1709.0,1455.0,1100.0,1
2191,FORD Escape 2016-2019,FORD,4524.0,1839.0,1684.0,1708.0,2
2192,FORD Kuga 2016-2019,FORD,4534.0,1839.0,1760.0,1641.0,2
2618,2025 Honda Odyssey,HONDA,,,,,
2619,2025 Honda Civic Si,HONDA,4534.0,1839.0,1760.0,1641.0,2
2626,HONDA HR-V,HONDA,4567.0,1839.0,1610.0,1486.0,1
2629,2023 Honda Civic,HONDA,4595.0,1890.0,1407.0,,
2740,HONDA CR-V,HONDA,4559.0,1781.0,1709.0,1370.0,1
2755,HONDA City,HONDA,4699.0,1791.0,1501.0,1710.0,2
2756,HONDA Accord Sport,HONDA,4697.0,1721.0,1011.0,1823.0,2
2807,HONDA Accord,HONDA,4089.0,1641.0,1290.0,920.0,1
2828,2024 Hyundai Kona Electric,HYUNDAI,4356.0,1826.0,1575.0,,
2830,2024 Hyundai Kona,HYUNDAI,4351.0,1826.0,1585.0,,
2831,2024 Hyundai i20,HYUNDAI,,,,,
2832,2024 Hyundai Ioniq 5 N,HYUNDAI,4714.0,1941.0,1585.0,,
2833,Hyundai Elantra,HYUNDAI,4697.0,1721.0,1011.0,1823.0,2
2835,Hyundai Elantra N,HYUNDAI,4630.0,1864.0,1666.0,1518.0,1
2841,HYUNDAI Ioniq 5 2021-Present,HYUNDAI,4636.0,1890.0,1605.0,,
2842,2022 Hyundai Bayon,HYUNDAI,4181.0,1775.0,1491.0,1145.0,1
2843,2022 Hyundai Santa Cruz,HYUNDAI,4971.0,1905.0,1694.0,,
2844,2021 Hyundai Kona N,HYUNDAI,4214.0,1801.0,1549.0,1510.0,1
2845,2021 Hyundai i20,HYUNDAI,4041.0,1750.0,1450.0,1140.0,1
2847,2020 Hyundai i30 Estate,HYUNDAI,4585.0,1796.0,1466.0,1370.0,1
2848,2021 Hyundai i30,HYUNDAI,4341.0,1796.0,1455.0,,
2849,Hyundai Santa Fe,HYUNDAI,4785.0,1900.0,1684.0,,
2852,HYUNDAI i30 N 2020-Present,HYUNDAI,,,,,
2853,HYUNDAI i20 N 2020-Present,HYUNDAI,4074.0,1750.0,1440.0,1190.0,1
2854,2021 Hyundai Kona Electric,HYUNDAI,4206.0,1801.0,1554.0,,
2855,HYUNDAI Palisade 2019-2022,HYUNDAI,4981.0,1976.0,1750.0,,
2856,2020 Hyundai Sonata,HYUNDAI,4900.0,1859.0,1445.0,,
2857,2020 Hyundai Venue,HYUNDAI,4039.0,1770.0,1565.0,1239.0,1
2858,2020 Hyundai Ioniq,HYUNDAI,4470.0,1821.0,1450.0,1575.0,1
2859,2019 Hyundai i10,HYUNDAI,3670.0,1679.0,1481.0,935.0,1
2860,2020 Hyundai i30 Fastback,HYUNDAI,4455.0,1796.0,1425.0,1365.0,1
2861,HYUNDAI NEXO 2018-Present,HYUNDAI,4671.0,1859.0,1631.0,1810.0,2
2862,HYUNDAI Veloster 2018-Present,HYUNDAI,4293.0,1801.0,1400.0,,
2863,HYUNDAI Veloster N 2018-Present,HYUNDAI,4265.0,1811.0,1394.0,,
2866,HYUNDAI Tucson,HYUNDAI,4475.0,1849.0,1646.0,1842.0,2
2867,2018 Hyundai Kona,HYUNDAI,4181.0,1801.0,1570.0,,
2868,HYUNDAI i20 5-doors  2018-2020,HYUNDAI,4036.0,1735.0,1473.0,1145.0,1
2869,HYUNDAI i20 Active 2018-Present,HYUNDAI,4064.0,1735.0,1473.0,1165.0,1
2870,HYUNDAI i30 Estate 2018-2020,HYUNDAI,4585.0,1796.0,1476.0,1370.0,1
2871,HYUNDAI i40 Wagon 2018-Present,HYUNDAI,4775.0,1816.0,1471.0,1514.0,1
2872,HYUNDAI i30 2018-2020,HYUNDAI,4341.0,1796.0,1455.0,,
2873,HYUNDAI Elantra GT 2017-Present,HYUNDAI,4341.0,1796.0,1466.0,1391.0,1
2874,2017 Hyundai Kona,HYUNDAI,4166.0,1801.0,1565.0,1497.0,1
2875,HYUNDAI i30 Tourer 2017-2019,HYUNDAI,4585.0,1796.0,1466.0,1415.0,1
2876,HYUNDAI i30 Fastback 2017-2019,HYUNDAI,4341.0,1796.0,1425.0,1365.0,1
2877,HYUNDAI i30 N 2017-2020,HYUNDAI,4336.0,1796.0,1448.0,1504.0,1
2878,HYUNDAI Accent,HYUNDAI,4384.0,1730.0,1450.0,1215.0,1
2880,2018 Hyundai Sonata Hybrid,HYUNDAI,4854.0,1864.0,1471.0,1586.0,1
2882,HYUNDAI Ioniq 2016-2019,HYUNDAI,4470.0,1821.0,1450.0,1420.0,1
2883,HYUNDAI i30 2016-2018,HYUNDAI,4341.0,1796.0,1455.0,1293.0,1
2886,HYUNDAI Santa Fe Sport,HYUNDAI,4699.0,1880.0,1674.0,1890.0,2
2887,2017 Hyundai i10,HYUNDAI,3665.0,1661.0,1501.0,989.0,1
2888,HYUNDAI i20 Active 2015-2018,HYUNDAI,4064.0,1735.0,1473.0,1250.0,1
2890,HYUNDAI ix20 2015-2019,HYUNDAI,4115.0,1765.0,1600.0,1281.0,1
2891,HYUNDAI i20 Coupe 2015-2018,HYUNDAI,4046.0,1730.0,1448.0,1280.0,1
2893,HYUNDAI Mistra 2014-Present,HYUNDAI,4709.0,1821.0,1471.0,,
2894,2014 Hyundai i10,HYUNDAI,3665.0,1661.0,1501.0,961.0,1
2895,HYUNDAI Genesis 2014-2016,HYUNDAI,4991.0,1890.0,1481.0,2060.0,2
2896,HYUNDAI i20 2014-2018,HYUNDAI,4036.0,1735.0,1473.0,1165.0,1
2899,HYUNDAI Equus 2013-2016,HYUNDAI,5159.0,1890.0,1491.0,2035.0,2
2900,2013 Hyundai Grand i10,HYUNDAI,3764.0,1661.0,1519.0,,
2902,HYUNDAI Genesis  2013-2016,HYUNDAI,4630.0,1864.0,1384.0,1594.0,1
2903,HYUNDAI Elantra GT 2012-Present,HYUNDAI,4300.0,1781.0,1471.0,1263.0,1
2904,HYUNDAI Elantra Coupe 2012-2014,HYUNDAI,4539.0,1775.0,1435.0,1238.0,1
2906,HYUNDAI i30 2012-Present,HYUNDAI,4300.0,1781.0,1471.0,1385.0,1
2907,HYUNDAI i30 Wagon 2012-2017,HYUNDAI,4486.0,1781.0,1501.0,1423.0,1
2908,HYUNDAI i40 Tourer 2012-2018,HYUNDAI,4770.0,1816.0,1471.0,1638.0,2
2909,2012 Hyindai Grandeur / Azera (HG),HYUNDAI,4910.0,1859.0,1471.0,1680.0,2
2910,HYUNDAI i30 Coupe 2012-Present,HYUNDAI,4300.0,1781.0,1471.0,1421.0,1
2912,HYUNDAI Veloster 2011-2018,HYUNDAI,4219.0,1791.0,1400.0,1295.0,1
2913,HYUNDAI i40 Saloon 2011-2018,HYUNDAI,4740.0,1816.0,1471.0,1620.0,2
2916,HYUNDAI Equus 2010-2013,HYUNDAI,5159.0,1890.0,1491.0,2035.0,2
2919,HYUNDAI ix20 2010-2015,HYUNDAI,4100.0,1765.0,1600.0,1370.0,1
2920,HYUNDAI i20 2009-2014,HYUNDAI,3940.0,1709.0,1491.0,1308.0,1
2921,HYUNDAI ix55 / Veracruz 2009-2012,HYUNDAI,4839.0,1943.0,1806.0,2261.0,2
2925,HYUNDAI Elantra Touring 2009-2012,HYUNDAI,4486.0,1765.0,1519.0,1347.0,1
2926,HYUNDAI i10 2008-2013,HYUNDAI,3566.0,1595.0,1549.0,1010.0,1
2928,HYUNDAI i800 / H-1 2008-2018,HYUNDAI,5126.0,1920.0,1925.0,2238.0,2
2929,HYUNDAI Genesis Coupe 2008-2013,HYUNDAI,4630.0,1864.0,1384.0,1580.0,1
2930,HYUNDAI Genesis 2008-2014,HYUNDAI,4976.0,1890.0,1476.0,1834.0,2
2931,HYUNDAI i30 Estate 2008-2012,HYUNDAI,4501.0,1775.0,1565.0,1448.0,1
2932,HYUNDAI Coupe / Tiburon 2007-2009,HYUNDAI,4399.0,1758.0,1328.0,1339.0,1
2933,HYUNDAI i30 2007-2011,HYUNDAI,4239.0,1778.0,1468.0,1329.0,1
2938,HYUNDAI Getz 3 Doors 2005-2011,HYUNDAI,3820.0,1661.0,1491.0,1087.0,1
2939,HYUNDAI Getz 5 Doors 2005-2011,HYUNDAI,3820.0,1661.0,1491.0,1087.0,1
2945,HYUNDAI Terracan 2004-2007,HYUNDAI,4709.0,1859.0,1801.0,1982.0,2
2946,HYUNDAI Trajet 2004-2008,HYUNDAI,4699.0,1839.0,1760.0,1781.0,2
2947,HYUNDAI Coupe / Tiburon 2004-2007,HYUNDAI,4399.0,1758.0,1328.0,1310.0,1
2951,HYUNDAI XG 2003-2005,HYUNDAI,4879.0,1821.0,1420.0,1650.0,2
2952,HYUNDAI Atos 2003-2005,HYUNDAI,3561.0,1519.0,1570.0,873.0,1
2955,HYUNDAI Getz 3 Doors 2002-2005,HYUNDAI,3810.0,1661.0,1491.0,1104.0,1
2956,HYUNDAI Getz 5 Doors 2002-2005,HYUNDAI,3810.0,1661.0,1491.0,1098.0,1
2958,HYUNDAI Terracan 2001-2004,HYUNDAI,4709.0,1859.0,1801.0,1990.0,2
2959,HYUNDAI Matrix 2001-2010,HYUNDAI,4026.0,1740.0,1636.0,1370.0,1
2960,HYUNDAI Coupe / Tiburon 2001-2004,HYUNDAI,4399.0,1758.0,1328.0,1310.0,1
2962,HYUNDAI Trajet 2000-2004,HYUNDAI,4699.0,1839.0,1760.0,1781.0,2
2965,HYUNDAI Coupe / Tiburon 1999-2001,HYUNDAI,4341.0,1730.0,1300.0,1180.0,1
2969,HYUNDAI XG 1999-2003,HYUNDAI,4859.0,1821.0,1420.0,1579.0,1
2970,1999 Hyundai Atos Prime/Spirit,HYUNDAI,3500.0,1501.0,1580.0,833.0,1
2971,HYUNDAI Lantra Wagon 1999-2001,HYUNDAI,4450.0,1699.0,1400.0,1127.0,1
2972,HYUNDAI Excel 3 Doors 1998-2000,HYUNDAI,4100.0,1621.0,1389.0,929.0,1
2973,HYUNDAI Excel 4 Doors 1998-2000,HYUNDAI,4120.0,1621.0,1389.0,929.0,1
2974,HYUNDAI Excel 5 Doors 1998-2000,HYUNDAI,4100.0,1621.0,1389.0,929.0,1
2976,HYUNDAI Atos Multi 1998-2003,HYUNDAI,3500.0,1501.0,1621.0,798.0,1
2977,HYUNDAI Lantra 1998-2000,HYUNDAI,4450.0,1699.0,1400.0,1127.0,1
2978,HYUNDAI Satellite 1997-2000,HYUNDAI,4699.0,1821.0,1880.0,1822.0,2
2979,HYUNDAI Coupe / Tiburon 1996-1999,HYUNDAI,4341.0,1730.0,1311.0,1180.0,1
2981,HYUNDAI Lantra 1995-1998,HYUNDAI,4420.0,1699.0,1389.0,1127.0,1
2982,HYUNDAI Lantra Wagon 1995-1998,HYUNDAI,4450.0,1699.0,1461.0,1175.0,1
2983,HYUNDAI Excel 3 Doors 1994-1998,HYUNDAI,4100.0,1621.0,1389.0,920.0,1
2984,HYUNDAI Excel 4 Doors 1994-1998,HYUNDAI,4120.0,1621.0,1389.0,925.0,1
2985,HYUNDAI Excel 5 Doors 1994-1998,HYUNDAI,4100.0,1621.0,1389.0,935.0,1
2987,HYUNDAI Lantra 1993-1995,HYUNDAI,4389.0,1689.0,1379.0,1140.0,1
2988,HYUNDAI Scoupe 1992-1996,HYUNDAI,4209.0,1610.0,1341.0,1015.0,1
2989,HYUNDAI Lantra 1991-1993,HYUNDAI,4361.0,1679.0,1379.0,1050.0,1
2990,HYUNDAI Scoupe 1990-1992,HYUNDAI,4209.0,1610.0,1341.0,980.0,1
2991,HYUNDAI Excel 4 Doors 1989-1994,HYUNDAI,4280.0,1610.0,1379.0,950.0,1
3197,Kia K5,KIA,4905.0,1859.0,1445.0,1493.0,1
3205,KIA Sportage HEV  2022-Present,KIA,4661.0,1864.0,1661.0,1693.0,2
3210,KIA K3,KIA,4481.0,1854.0,1636.0,1499.0,1
3212,KIA Forte,KIA,4641.0,1801.0,1435.0,1366.0,1
3213,KIA Sorento,KIA,4811.0,1900.0,1694.0,1715.0,2
3220,Kia xCeed,KIA,4394.0,1826.0,1491.0,1365.0,1
3225,KIA Optima Sportswagon 2018-Present,KIA,4854.0,1859.0,1471.0,1680.0,2
3226,KIA Carnival/Sedona  2018-2021,KIA,5116.0,1984.0,1740.0,2014.0,2
3229,KIA Optima (US) 2018-2020,KIA,4854.0,1859.0,1466.0,1614.0,2
3230,KIA Morning,KIA,4481.0,1854.0,1636.0,1768.0,2
3231,2019 Kia ProCeed,KIA,4605.0,1801.0,1422.0,1465.0,1
3233,KIA Seltos,KIA,4374.0,1806.0,1560.0,1646.0,2
3241,KIA Optima 2016-2019,KIA,4854.0,1859.0,1466.0,1605.0,2
3243,KIA Niro 2016-2019,KIA,4356.0,1801.0,1534.0,1500.0,1
3244,KIA Rio 2016-2018,KIA,4064.0,1725.0,1450.0,,
3245,KIA Forte 2016-2018,KIA,4559.0,1781.0,1430.0,1319.0,1
3246,KIA Forte 5 Door 2016-Present,KIA,4351.0,1781.0,1450.0,1387.0,1
3247,KIA Optima Sportswagon 2016-2018,KIA,4854.0,1859.0,1461.0,1580.0,1
3248,KIA Carens 2016-2018,KIA,4524.0,1806.0,1610.0,1649.0,2
3249,KIA Picanto 5 doors 2015-2017,KIA,3594.0,1595.0,1481.0,885.0,1
3250,KIA Picanto 3 doors 2015-2017,KIA,3594.0,1595.0,1481.0,835.0,1
3251,KIA cee'd 2015-Present,KIA,4310.0,1781.0,1471.0,1291.0,1
3252,KIA Carnival/Sedona  2015-2018,KIA,5116.0,1984.0,1740.0,2002.0,2
3253,2015 Kia Sportage,KIA,4481.0,1854.0,1636.0,1768.0,2
3255,KIA Venga 2014-2019,KIA,4074.0,1765.0,1600.0,1356.0,1
3256,2014 Kia Forte,KIA,4559.0,1781.0,1430.0,1318.0,1
3257,KIA K7 / Cadenza 2013-2016,KIA,4966.0,1849.0,1476.0,1665.0,2
3258,KIA pro_cee’d GT 2013-Present,KIA,4310.0,1781.0,1430.0,1359.0,1
3259,KIA Forte 5 Door 2013-2016,KIA,4351.0,1781.0,1450.0,1372.0,1
3260,KIA Sportage 2013-2015,KIA,4440.0,1854.0,1636.0,1676.0,2
3261,2014 Kia Forte Koup,KIA,4529.0,1781.0,1410.0,1353.0,1
3262,KIA Cerato/Forte 2013-Present,KIA,4559.0,1781.0,1445.0,1287.0,1
3263,2013 Kia pro_cee'd,KIA,4310.0,1781.0,1430.0,1490.0,1
3264,KIA Rondo 2013-Present,KIA,4524.0,1806.0,1610.0,1481.0,1
3265,KIA Carens 2013-2016,KIA,4524.0,1806.0,1610.0,1481.0,1
3266,2012 Kia Rio 3 Doors,KIA,4046.0,1720.0,1455.0,1293.0,1
3267,KIA K9 / K900 2012-2018,KIA,5090.0,1900.0,1491.0,2066.0,2
3268,2012 Kia cee'd,KIA,4310.0,1781.0,1471.0,1385.0,1
3269,2012 Kia cee'd Sportswagon,KIA,4506.0,1781.0,1486.0,1441.0,1
3270,2012 Kia Soul,KIA,4140.0,1801.0,1593.0,1490.0,1
3271,KIA Rio 5 doors 2011-2016,KIA,4046.0,1720.0,1455.0,1293.0,1
3272,2011 Kia Picanto 5 doors,KIA,3594.0,1595.0,1481.0,1030.0,1
3273,2011 Kia Picanto - 3 doors,KIA,3594.0,1595.0,1481.0,850.0,1
3274,2011 Kia Rio Sedan,KIA,4366.0,1720.0,1455.0,11166.0,3
3275,KIA Sportage 2010-2013,KIA,4440.0,1854.0,1636.0,1600.0,2
3276,KIA Optima / K5 2010-2016,KIA,4844.0,1829.0,1455.0,1662.0,2
3277,KIA Forte 5 Door 2010-2012,KIA,4341.0,1775.0,1461.0,1335.0,1
3278,KIA Forte 2009-2013,KIA,4529.0,1775.0,1461.0,1315.0,1
3279,2010 Kia Forte Koup,KIA,4481.0,1765.0,1400.0,1390.0,1
3280,KIA Borrego 2009-Present,KIA,4879.0,1915.0,1811.0,2096.0,2
3281,KIA Rio Sedan 2009-2011,KIA,4239.0,1694.0,1471.0,1100.0,1
3282,KIA Rio Hatchback 2009-2011,KIA,4239.0,1694.0,1471.0,1146.0,1
3284,KIA cee'd 2009-2012,KIA,4265.0,1791.0,1481.0,1458.0,1
3285,KIA Venga 2009-2014,KIA,4067.0,1765.0,1600.0,1294.0,1
3286,KIA Carens 2008-2013,KIA,4540.0,1800.0,1650.0,1552.0,1
3287,KIA Sportage 2008-2010,KIA,4351.0,1801.0,1694.0,1587.0,1
3288,KIA Soul 2008-2013,KIA,4105.0,1786.0,1610.0,1360.0,1
3289,KIA Rondo 2008-2013,KIA,4547.0,1821.0,1651.0,1596.0,1
3290,KIA Optima / Magentis 2008-2010,KIA,4801.0,1806.0,1481.0,1603.0,2
3291,KIA cee'd 2007-2009,KIA,4234.0,1791.0,1481.0,1458.0,1
3292,KIA cee'd Sport Wagon 2007-2012,KIA,4470.0,1791.0,1519.0,1413.0,1
3293,KIA Pro cee'd 2007-2013,KIA,4249.0,1791.0,1450.0,1440.0,1
3294,KIA Opirus/Amanti 2007-2010,KIA,5001.0,1849.0,1486.0,1700.0,2
3295,KIA Picanto 2007-2011,KIA,3536.0,1595.0,1481.0,984.0,1
3302,KIA Rio Sedan 2005-2008,KIA,4239.0,1694.0,1471.0,1131.0,1
3303,KIA Rio Hatchback 2005-2008,KIA,3990.0,1694.0,1471.0,1146.0,1
3304,KIA Picanto 2004-2007,KIA,3500.0,1600.0,1480.0,945.0,1
3305,KIA Cerato / Spectra Sedan 2004-2007,KIA,4480.0,1740.0,1470.0,1274.0,1
3306,KIA Cerato / Spectra Hatchback 2004-2007,KIA,4341.0,1735.0,1471.0,1326.0,1
3307,2004 Kia Sportage,KIA,4348.0,1801.0,1699.0,1660.0,2
3308,KIA Opirus/Amanti 2003-2007,KIA,4978.0,1849.0,1486.0,1797.0,2
3309,KIA Optima / Magentis 2003-2006,KIA,4729.0,1821.0,1410.0,1420.0,1
3310,KIA Carens 2002-2006,KIA,4490.0,1750.0,1610.0,1483.0,1
3311,KIA Carnival/Sedona 2002-2006,KIA,4811.0,1984.0,1816.0,2168.0,2
3313,KIA Optima / Magentis 2001-2003,KIA,4720.0,1820.0,1410.0,1495.0,1
3314,KIA Shuma 2001-2004,KIA,4510.0,1720.0,1420.0,1089.0,1
3315,KIA Carens 2000-2002,KIA,4440.0,1709.0,1600.0,1320.0,1
3316,1999 Kia Joice,KIA,4570.0,1720.0,1640.0,1350.0,1
3317,KIA Shuma 1998-2001,KIA,4480.0,1710.0,1420.0,1081.0,1
3933,2025 Mercedes-Benz G-Class,MERCEDES BENZ,4826.0,1930.0,2042.0,2480.0,2
3934,2025 Mercedes-Benz G 580 ,MERCEDES BENZ,4623.0,1930.0,1986.0,3085.0,3
3937,Mercedes-Benz GLE 53,MERCEDES BENZ,4826.0,1930.0,2042.0,2480.0,2
3940,Mercedes-Benz GLC 200,MERCEDES BENZ,4720.0,1820.0,1410.0,1495.0,1
3946,Mercedes-Benz GLC 300,MERCEDES BENZ,4948.0,1880.0,1481.0,2265.0,2
3948,Mercedes-Benz GLC 450,MERCEDES BENZ,4948.0,1880.0,1468.0,1915.0,2
3949,2024 Mercedes-Benz CLE Coupe,MERCEDES BENZ,4849.0,1859.0,1427.0,,
3950,2024 Mercedes-Benz CLE Cabriolet,MERCEDES BENZ,,,,,
3951,2024 Mercedes-Maybach S 500,MERCEDES BENZ,5126.0,2035.0,1722.0,,
3952,MERCEDES BENZ EQS 2022-Present,MERCEDES BENZ,5126.0,1958.0,1717.0,,
3953,MERCEDES BENZ C 300,MERCEDES BENZ,4498.0,1859.0,1811.0,1603.0,2
3959,MERCEDES BENZ C 200,MERCEDES BENZ,4463.0,1834.0,1621.0,2030.0,2
3963,Mercedes-Benz E 300,MERCEDES BENZ,4684.0,1834.0,1666.0,2100.0,2
3966,MERCEDES BENZ S 450,MERCEDES BENZ,4755.0,1821.0,1494.0,1875.0,2
3968,Mercedes-Benz S 500,MERCEDES BENZ,5204.0,2029.0,1839.0,2785.0,3
3976,2019 Mercedes-Benz EQC 400,MERCEDES BENZ,4760.0,1885.0,1623.0,2425.0,2
3977,2020 Mercedes-Benz GLE,MERCEDES BENZ,4925.0,1948.0,1796.0,2655.0,3
3978,2019 Mercedes-Benz CLA Coupe,MERCEDES BENZ,4689.0,1999.0,1440.0,1650.0,2
3979,MERCEDES BENZ V-Class 2019-Present,MERCEDES BENZ,4895.0,1928.0,1880.0,2120.0,2
3980,2019 Mercedes-Benz CLA Shooting Brake,MERCEDES BENZ,4689.0,1999.0,1443.0,1675.0,2
3981,MERCEDES BENZ GLC (X253) 2019-2022,MERCEDES BENZ,4656.0,1890.0,1643.0,1770.0,2
3982,2020 Mercedes-Benz GLC Coupe,MERCEDES BENZ,4732.0,1890.0,1603.0,1800.0,2
3983,2020 Mercedes-Benz GLS,MERCEDES BENZ,5207.0,1956.0,1824.0,2586.0,3
3984,2020 Mercedes-Benz GLB,MERCEDES BENZ,4633.0,1834.0,1659.0,1660.0,2
3985,2020 Mercedes-Benz GLE Coupe,MERCEDES BENZ,4938.0,2009.0,1699.0,2265.0,2
3986,2019 Mercedes-Benz EQV,MERCEDES BENZ,5141.0,,,,
3987,MERCEDES BENZ CLS Class (C257) 2018-2021,MERCEDES BENZ,4938.0,1882.0,1417.0,1865.0,2
3988,2019 Mercedes-Benz G-Class,MERCEDES BENZ,,,,,
3989,MERCEDES BENZ A-Class (W177) 2018-2022,MERCEDES BENZ,,,,,
3990,MERCEDES BENZ S-Class Maybach (X222) 2018-2020,MERCEDES BENZ,5425.0,2131.0,1499.0,,
3991,MERCEDES BENZ C-Class (W205) 2018-2021,MERCEDES BENZ,4686.0,2019.0,1443.0,,
3992,MERCEDES BENZ C-Class T-Modell (S205) 2018-2021,MERCEDES BENZ,4702.0,1811.0,1458.0,1660.0,2
3993,MERCEDES BENZ S650 PULLMAN MAYBACH 2018-Present,MERCEDES BENZ,,,,,
3994,MERCEDES BENZ C-Class (A205) 2018-Present,MERCEDES BENZ,4686.0,1811.0,1410.0,1785.0,2
3995,MERCEDES BENZ A-Class L Sedan 2018-Present,MERCEDES BENZ,4610.0,1796.0,1461.0,,
3996,MERCEDES BENZ A-Class Sedan (V177) 2018-Present,MERCEDES BENZ,4549.0,1796.0,1445.0,1520.0,1
3997,2019 Mercedes-Benz B-Class (W247),MERCEDES BENZ,4420.0,1796.0,1562.0,1545.0,1
3998,MERCEDES BENZ GLA (X156) 2017-2020,MERCEDES BENZ,4425.0,1803.0,1494.0,1595.0,1
3999,MERCEDES BENZ E-Class T-Modell All-Terrain (S213) 2017-2020,MERCEDES BENZ,493.0,1852.0,1476.0,1910.0,2
4000,MERCEDES BENZ S-Class 2017-2020,MERCEDES BENZ,5245.0,1900.0,1496.0,2215.0,2
4001,MERCEDES BENZ X-Class  2017-2020,MERCEDES BENZ,5339.0,1920.0,1819.0,2234.0,2
4002,MERCEDES BENZ S-Class Coupe (C217) 2017-2020,MERCEDES BENZ,5027.0,1900.0,1412.0,,
4003,2017 Mercedes-Benz S-Class Cabriolet,MERCEDES BENZ,5027.0,1900.0,1417.0,,
4013,2016 Mercedes-Benz G-Class Professional,MERCEDES BENZ,4661.0,1867.0,1953.0,2612.0,3
4017,2017 Mercedes-Benz E-Class estate,MERCEDES BENZ,4933.0,1852.0,1476.0,1910.0,2
4018,MERCEDES BENZ CLA (C117) 2016-2018,MERCEDES BENZ,4641.0,1778.0,1433.0,1585.0,1
4019,MERCEDES BENZ S-Class Maybach (X222) 2015-2018,MERCEDES BENZ,5453.0,1900.0,1499.0,2335.0,2
4020,2015 Mercedes-Benz G-Class 4x4 Squared,MERCEDES BENZ,4671.0,1867.0,2250.0,2946.0,3
4021,2016 Mercedes-Benz S600 Pullman Maybach,MERCEDES BENZ,6500.0,1598.0,,,
4022,2015 Mercedes-Benz CLA Shooting Brake,MERCEDES BENZ,4630.0,1778.0,1435.0,1615.0,2
4023,MERCEDES BENZ GLE (W166) 2015-2019,MERCEDES BENZ,4818.0,1935.0,1796.0,2465.0,2
4075,MERCEDES BENZ C 63 AMG (W204) 2011-2014,MERCEDES BENZ,4707.0,1770.0,1433.0,1730.0,2
4076,MERCEDES BENZ C 63 AMG T-Modell (S204) 2011-2014,MERCEDES BENZ,4702.0,1770.0,1448.0,1795.0,2
4077,MERCEDES BENZ C-Klasse Coupe (C204) 2011-2013,MERCEDES BENZ,4590.0,1770.0,1407.0,1655.0,2
4078,MERCEDES BENZ C-Klasse Coupe AMG (C204) 2011-2016,MERCEDES BENZ,4707.0,1770.0,1392.0,1730.0,2
4079,MERCEDES BENZ SLK (R172) 2011-2016,MERCEDES BENZ,4135.0,1816.0,1303.0,1590.0,1
4080,MERCEDES BENZ CLS 63 AMG (C218) 2011-2014,MERCEDES BENZ,4940.0,1882.0,1415.0,1870.0,2
4081,MERCEDES BENZ ML-Klasse (W166) 2011-2015,MERCEDES BENZ,4804.0,2141.0,1796.0,2175.0,2
4082,2011 Mercedes-Benz ML63 AMG,MERCEDES BENZ,4821.0,1951.0,1859.0,2345.0,2
4083,MERCEDES BENZ SLS AMG Roadster (C197) 2011-2012,MERCEDES BENZ,4638.0,1938.0,1262.0,1735.0,2
4084,2011 Mercedes-Benz CL 65 AMG,MERCEDES BENZ,5105.0,1872.0,1427.0,2245.0,2
4085,2011 Mercedes-Benz C63 Coupé AMG Black Series,MERCEDES BENZ,4707.0,1796.0,1392.0,1635.0,2
4086,2011 Mercedes-Benz C-Class T-Modell (S204),MERCEDES BENZ,4605.0,2009.0,1458.0,1795.0,2
4087,2010 Meredes-Benz SLS AMG Coupe,MERCEDES BENZ,4638.0,1938.0,1262.0,1620.0,2
4088,MERCEDES BENZ R-Klasse (W251) 2010-2013,MERCEDES BENZ,4920.0,1920.0,1674.0,2250.0,2
4089,MERCEDES BENZ CLS-Klasse (C218) 2010-2014,MERCEDES BENZ,4940.0,1882.0,1415.0,1940.0,2
4090,MERCEDES BENZ VIANO 2010-2014,MERCEDES BENZ,4763.0,1900.0,1875.0,2110.0,2
4091,2010 Mercedes-Benz CL-Class,MERCEDES BENZ,5095.0,1872.0,1420.0,2185.0,2
4092,MERCEDES BENZ R-Class Long (W251) 2010-2013,MERCEDES BENZ,5159.0,1923.0,1664.0,2417.0,2
4093,MERCEDES BENZ E-Klasse (W212) 2009-2012,MERCEDES BENZ,4868.0,1854.0,1471.0,1985.0,2
4094,MERCEDES BENZ E-Klasse Coupe (C 207) 2009-2012,MERCEDES BENZ,4699.0,1786.0,1397.0,1795.0,2
4095,MERCEDES BENZ E-Klasse T-Modell (S 212) 2009-2012,MERCEDES BENZ,4895.0,1854.0,1511.0,2075.0,2
4096,2010 Mercedes-Benz E63 AMG,MERCEDES BENZ,4882.0,1872.0,1440.0,1840.0,2
4097,MERCEDES BENZ E 63 AMG T-Modell (S212) 2009-2012,MERCEDES BENZ,4917.0,1872.0,1499.0,1945.0,2
4098,MERCEDES BENZ SLR Stirling Moss 2009-2009,MERCEDES BENZ,4818.0,2192.0,1219.0,1551.0,1
4099,MERCEDES BENZ S-Klasse (W221) 2009-2013,MERCEDES BENZ,5225.0,1869.0,1478.0,2210.0,2
4100,MERCEDES BENZ GL-Klasse (X164) 2009-2012,MERCEDES BENZ,5088.0,1920.0,1839.0,2550.0,3
4101,MERCEDES BENZ S 65 AMG (W221) 2009-2013,MERCEDES BENZ,5250.0,1869.0,1478.0,2275.0,2
4102,MERCEDES BENZ S 63 AMG (W221) 2009-2013,MERCEDES BENZ,5250.0,1869.0,1476.0,2170.0,2
4103,MERCEDES BENZ E-Klasse Cabriolet (A207) 2009-2012,MERCEDES BENZ,4696.0,1786.0,1397.0,1920.0,2
4104,MERCEDES BENZ CLS 63 AMG (C219) 2008-2010,MERCEDES BENZ,4915.0,1872.0,1389.0,1905.0,2
4105,MERCEDES BENZ SL-Klasse (R230) 2008-2011,MERCEDES BENZ,4534.0,1826.0,1290.0,2045.0,2
4106,MERCEDES BENZ CLC (W203) 2008-2011,MERCEDES BENZ,4343.0,1727.0,1407.0,1505.0,1
4107,MERCEDES BENZ SL 63 AMG (R230) 2008-2011,MERCEDES BENZ,4534.0,1826.0,1295.0,1960.0,2
4108,2008 Mercedes-Benz G-Class 5-door,MERCEDES BENZ,4661.0,1760.0,1930.0,2445.0,2
4109,2009 Mercedes-Benz G55 AMG (W463),MERCEDES BENZ,4681.0,1864.0,1935.0,2450.0,2
4110,MERCEDES BENZ ML-Klasse (W164) 2008-2011,MERCEDES BENZ,4788.0,1910.0,1778.0,2185.0,2
4111,MERCEDES BENZ ML 63 AMG (W164) 2008-2011,MERCEDES BENZ,4818.0,1951.0,1862.0,2310.0,2
4112,MERCEDES BENZ SL 65 AMG Black Series 2008-2012,MERCEDES BENZ,4587.0,1958.0,1306.0,1870.0,2
4113,MERCEDES BENZ A-Klasse (W169) 2008-2012,MERCEDES BENZ,3881.0,1760.0,1590.0,1295.0,1
4114,MERCEDES BENZ B-Klasse 2008-2010,MERCEDES BENZ,4135.0,1778.0,1623.0,1415.0,1
4115,MERCEDES BENZ GLK-Klasse (X204) 2008-Present,MERCEDES BENZ,4529.0,1839.0,1689.0,1925.0,2
4116,MERCEDES BENZ A-Klasse Coupe (C169) 2008-2012,MERCEDES BENZ,3881.0,1763.0,1593.0,1340.0,1
4117,MERCEDES BENZ SLK (R171) 2008-2011,MERCEDES BENZ,4102.0,1778.0,1295.0,1405.0,1
4118,MERCEDES BENZ SLK 55 AMG (R171) 2008-2011,MERCEDES BENZ,4102.0,1778.0,1295.0,1575.0,1
4119,MERCEDES BENZ SL 65 AMG (R230) 2008-2012,MERCEDES BENZ,4605.0,1816.0,1298.0,2120.0,2
4120,MERCEDES BENZ CLS-Klasse (C219) 2008-2010,MERCEDES BENZ,4912.0,1872.0,1389.0,1823.0,2
4121,MERCEDES BENZ C-Klasse T-Modell (S204) 2007-2011,MERCEDES BENZ,4595.0,1770.0,1458.0,1735.0,2
4122,MERCEDES BENZ C 63 T-Modell (S204) 2007-2011,MERCEDES BENZ,4709.0,1793.0,1448.0,1795.0,2
4123,2007 Mercedes-Benz G-Class Cabriolet,MERCEDES BENZ,4275.0,1760.0,1956.0,2320.0,2
4124,MERCEDES BENZ C-Klasse (W204) 2007-2011,MERCEDES BENZ,4582.0,1770.0,1448.0,1700.0,2
4125,MERCEDES BENZ CLK 63 AMG Black Series (C209) 2007-2009,MERCEDES BENZ,4656.0,1834.0,1364.0,1745.0,2
4126,MERCEDES BENZ SLR McLaren Roadster (C199) 2007-2009,MERCEDES BENZ,4656.0,1908.0,1252.0,1668.0,2
4127,MERCEDES BENZ C 63 AMG (W204) 2007-2011,MERCEDES BENZ,4724.0,1796.0,1438.0,1730.0,2
4128,MERCEDES BENZ CL 63 AMG (C216) 2007-2012,MERCEDES BENZ,5065.0,1872.0,1417.0,2085.0,2
4129,MERCEDES BENZ CL 65 AMG (C216) 2007-2012,MERCEDES BENZ,5085.0,1872.0,1417.0,2240.0,2
4130,MERCEDES BENZ CL 65 AMG 40th Anniversary (C216) 2007-2007,MERCEDES BENZ,5085.0,1872.0,1417.0,2240.0,2
4131,2007 Mercedes-Benz G-Class 5-door,MERCEDES BENZ,4661.0,1760.0,1930.0,2400.0,2
4132,MERCEDES BENZ S 63 AMG (W221) 2006-2009,MERCEDES BENZ,5250.0,1869.0,1476.0,2115.0,2
4133,MERCEDES BENZ CL (C216) 2006-2010,MERCEDES BENZ,5065.0,1872.0,1417.0,2185.0,2
4134,MERCEDES BENZ E-Klasse (W211) 2006-2009,MERCEDES BENZ,4856.0,1821.0,1486.0,1890.0,2
4135,MERCEDES BENZ E-Klasse T-Modell (S211) 2006-2009,MERCEDES BENZ,4887.0,1821.0,1486.0,1895.0,2
4136,MERCEDES BENZ E 63 AMG T-Modell (S211) 2006-2009,MERCEDES BENZ,4920.0,1821.0,1486.0,1955.0,2
4137,MERCEDES BENZ CLS 63 AMG (C219) 2006-2007,MERCEDES BENZ,4915.0,1872.0,1389.0,1905.0,2
4138,MERCEDES BENZ CLK 63 AMG (C209) 2006-2009,MERCEDES BENZ,4651.0,1740.0,1400.0,1755.0,2
4139,MERCEDES BENZ CLK 63 AMG Cabrio (A209) 2006-2009,MERCEDES BENZ,4651.0,1740.0,1400.0,1875.0,2
4140,MERCEDES BENZ SLK 55 AMG Black Series (R171) 2006-2008,MERCEDES BENZ,4087.0,1793.0,1270.0,1495.0,1
4141,MERCEDES BENZ CLK DTM AMG Cabrio (A209) 2006-2006,MERCEDES BENZ,4651.0,1801.0,1359.0,1748.0,2
4142,MERCEDES BENZ SL-Klasse (R230) 2006-2008,MERCEDES BENZ,4534.0,1826.0,1290.0,2045.0,2
4143,MERCEDES BENZ SL 55 AMG (R230) 2006-Present,MERCEDES BENZ,4534.0,1826.0,1295.0,1960.0,2
4144,MERCEDES BENZ SLR McLaren 722 Edition (C199) 2006-2007,MERCEDES BENZ,4656.0,1908.0,1252.0,1724.0,2
4145,MERCEDES BENZ S 65 AMG (W221) 2006-2009,MERCEDES BENZ,5250.0,1869.0,1476.0,2250.0,2
4146,2006 Mercedes-Benz E 63 AMG,MERCEDES BENZ,4882.0,1821.0,1412.0,1840.0,2
4147,2006 Mercedes-Benz G 55 AMG,MERCEDES BENZ,4681.0,1864.0,1935.0,2450.0,2
4148,MERCEDES BENZ SL 65 AMG (R230) 2006-2008,MERCEDES BENZ,4534.0,1826.0,1295.0,2116.0,2
4149,MERCEDES BENZ R 63 AMG (W251) 2006-2008,MERCEDES BENZ,5174.0,1923.0,1664.0,2275.0,2
4150,MERCEDES BENZ GL-Klasse (X164) 2006-2009,MERCEDES BENZ,5088.0,1920.0,1839.0,2475.0,2
4151,2005 Mercedes-Benz B-Class (W245),MERCEDES BENZ,4270.0,1778.0,1603.0,1445.0,1
4152,2005 Mercedes-Benz S-Class (W221),MERCEDES BENZ,5207.0,1872.0,1473.0,2180.0,2
4199,MERCEDES BENZ S 63 AMG (W220) 2001-2001,MERCEDES BENZ,5161.0,1854.0,1435.0,,
4200,MERCEDES BENZ S-Klasse Pullman (V220) 2001-2002,MERCEDES BENZ,6157.0,1854.0,1463.0,,
4201,2001 Mercedes-Benz G-Class Cabriolet,MERCEDES BENZ,4275.0,1760.0,1941.0,2475.0,2
4202,2000 Mercedes-Benz C-Class (W203),MERCEDES BENZ,4529.0,1727.0,1425.0,1600.0,2
4203,2000 Mercedes-Benz C-Class SportCoupe (CL203),MERCEDES BENZ,4343.0,1727.0,1407.0,1455.0,1
4204,2000 Mercedes-Benz CL 55 AMG (C215),MERCEDES BENZ,4994.0,1857.0,1397.0,1865.0,2
4205,2001 Mercedes-Benz G-Class 5-door,MERCEDES BENZ,4681.0,1760.0,1935.0,2585.0,3
4206,2000 Mercedes-Benz SLK,MERCEDES BENZ,4011.0,1712.0,1265.0,1405.0,1
4207,MERCEDES BENZ SLK 32 AMG (R170) 2000-2004,MERCEDES BENZ,4011.0,1712.0,1270.0,1495.0,1
4208,MERCEDES BENZ C-Klasse AMG (W203) 2000-2004,MERCEDES BENZ,4526.0,1727.0,1415.0,1635.0,2
4209,2000 Mercedes-Benz CL 55 AMG F1 Edition,MERCEDES BENZ,4994.0,1857.0,1397.0,1867.0,2
4210,2000 Mercedes-Benz G-Class W463 SWB,MERCEDES BENZ,4229.0,1760.0,1930.0,2490.0,2
4211,2000 Mercedes-Benz CL (W215),MERCEDES BENZ,4994.0,1857.0,1412.0,2080.0,2
4212,MERCEDES BENZ ML 55 AMG (W163) 1999-2002,MERCEDES BENZ,4636.0,1895.0,1803.0,2060.0,2
4213,MERCEDES BENZ E-Klasse (W210) 1999-2002,MERCEDES BENZ,4818.0,1798.0,1417.0,1680.0,2
4214,Mercedes-Benz S 55 AMG (W220),MERCEDES BENZ,5042.0,1854.0,1445.0,1899.0,2
4215,MERCEDES BENZ CLK (C208) 1999-2002,MERCEDES BENZ,4569.0,1720.0,1379.0,1455.0,1
4216,MERCEDES BENZ G 55 AMG (W463) 1999-2004,MERCEDES BENZ,4681.0,1864.0,1935.0,2425.0,2
4217,MERCEDES BENZ E-Klasse T-Modell (S210) 1999-2003,MERCEDES BENZ,4839.0,1798.0,1504.0,1670.0,2
4218,MERCEDES BENZ CLK 55 AMG Cabrio (A208) 1999-2003,MERCEDES BENZ,4567.0,1722.0,1379.0,1755.0,2
4219,MERCEDES BENZ CLK 55 AMG (C208) 1999-2002,MERCEDES BENZ,4567.0,1722.0,1372.0,1620.0,2
4220,MERCEDES BENZ SL 55 AMG (R129) 1999-2001,MERCEDES BENZ,4498.0,1811.0,1300.0,1890.0,2
4221,MERCEDES BENZ SL 73 AMG (R129) 1999-2001,MERCEDES BENZ,4498.0,1811.0,1295.0,2050.0,2
4222,MERCEDES BENZ S-Klasse (W220) 1998-2002,MERCEDES BENZ,5164.0,1854.0,1445.0,2010.0,2
4223,MERCEDES BENZ CLK Cabrio (A208) 1998-1999,MERCEDES BENZ,4569.0,1720.0,1379.0,1620.0,2
4224,MERCEDES BENZ SL (R129) 1998-2001,MERCEDES BENZ,4470.0,1811.0,1290.0,1955.0,2
4225,MERCEDES BENZ CLK GTR AMG 1998-1999,MERCEDES BENZ,4854.0,1951.0,1100.0,1544.0,1
4226,MERCEDES BENZ ML-Klasse (W163) 1997-2001,MERCEDES BENZ,4587.0,1880.0,1821.0,2105.0,2
4227,1997 Mercedes-Benz E 55 AMG,MERCEDES BENZ,4818.0,1796.0,1412.0,1610.0,2
4228,MERCEDES BENZ A-Klasse (W168) 1997-2001,MERCEDES BENZ,3574.0,1720.0,1588.0,1165.0,1
4229,MERCEDES BENZ C-Klasse (W202) 1997-2000,MERCEDES BENZ,4488.0,1720.0,1415.0,1474.0,1
4230,MERCEDES BENZ C-Klasse T-Modell (S202) 1997-2000,MERCEDES BENZ,4521.0,1720.0,1461.0,1445.0,1
4231,MERCEDES BENZ C 43 AMG (W202) 1997-2000,MERCEDES BENZ,4488.0,1720.0,1415.0,1470.0,1
4232,MERCEDES BENZ CLK (C208) 1997-1999,MERCEDES BENZ,4569.0,1720.0,1379.0,1455.0,1
4233,Mercedes-Benz S-Class Landaulet,MERCEDES BENZ,5212.0,1887.0,1527.0,2305.0,2
4234,MERCEDES BENZ E 50 AMG (W210) 1996-1997,MERCEDES BENZ,4818.0,1798.0,1412.0,1647.0,2
4235,MERCEDES BENZ SLK (R170) 1996-2000,MERCEDES BENZ,4011.0,1712.0,1260.0,1385.0,1
4236,MERCEDES BENZ C-Klasse T-Modell (S202) 1996-1997,MERCEDES BENZ,4491.0,1720.0,1461.0,1420.0,1
4237,MERCEDES BENZ CL Coupe (C140) 1996-1998,MERCEDES BENZ,5065.0,1913.0,1445.0,2205.0,2
4238,MERCEDES BENZ E-Klasse T-Modell (S210) 1996-1999,MERCEDES BENZ,4839.0,1798.0,1504.0,1670.0,2
4239,MERCEDES BENZ V-Klasse (W638) 1996-2003,MERCEDES BENZ,4658.0,1880.0,1844.0,2015.0,2
4240,1995 Mercedes-Benz E-Class,MERCEDES BENZ,4796.0,1798.0,1417.0,1690.0,2
4241,MERCEDES BENZ C 36 AMG (W202) 1995-1997,MERCEDES BENZ,4488.0,1720.0,1415.0,1460.0,1
4242,MERCEDES BENZ SL (R129) 1995-1998,MERCEDES BENZ,4470.0,1811.0,1290.0,1950.0,2
4243,MERCEDES BENZ CE Cabriolet (A124) 1995-1997,MERCEDES BENZ,4658.0,1740.0,1402.0,1690.0,2
4244,MERCEDES BENZ S-Klasse Pullman (V140) 1995-2000,MERCEDES BENZ,6213.0,1887.0,1481.0,4400.0,3
4245,1995 Mercedes-Benz S-Class,MERCEDES BENZ,5212.0,1887.0,1496.0,2155.0,2
4246,MERCEDES BENZ C-Klasse (W202) 1993-1997,MERCEDES BENZ,4488.0,1720.0,1415.0,1415.0,1
4247,MERCEDES BENZ E-Klasse (W124) 1993-1995,MERCEDES BENZ,4740.0,1740.0,1430.0,1620.0,2
4248,MERCEDES BENZ E 500 (W124) 1993-1995,MERCEDES BENZ,4740.0,1880.0,1420.0,1749.0,2
4249,MERCEDES BENZ CE (C124) 1993-1995,MERCEDES BENZ,4656.0,1740.0,1394.0,1460.0,1
4250,1993 Mercedes-Benz E-Class T-Modell,MERCEDES BENZ,4765.0,1740.0,1445.0,1670.0,2
4251,MERCEDES BENZ CE Cabriolet (A124) 1992-1995,MERCEDES BENZ,4656.0,1740.0,1392.0,1780.0,2
4252,1992 Mercedes-Benz CL-Class,MERCEDES BENZ,5065.0,1913.0,1445.0,2200.0,2
4253,1991 Mercedes-Benz S-Class,MERCEDES BENZ,5212.0,1887.0,1491.0,2230.0,2
4254,MERCEDES BENZ 500 E (W124) 1991-1993,MERCEDES BENZ,4740.0,1880.0,1410.0,1710.0,2
4255,Mercedes-Benz 190 E 2.5-16 Evolution II (W201),MERCEDES BENZ,4544.0,1720.0,1326.0,1340.0,1
4256,1990 Mercedes-Benz G-Class 3-door,MERCEDES BENZ,4229.0,1760.0,1930.0,2365.0,2
4257,1990 Mercedes-Benz G-Class Cabriolet,MERCEDES BENZ,4275.0,1760.0,1941.0,2350.0,2
4258,MERCEDES BENZ SL/SEL (R129) 1989-1995,MERCEDES BENZ,4470.0,1811.0,1290.0,1980.0,2
4259,1989 Mercedes-Benz G-Class 5-door (W463),MERCEDES BENZ,4671.0,1811.0,1963.0,2370.0,2
4260,MERCEDES BENZ CE (C124) 1987-1993,MERCEDES BENZ,4656.0,1740.0,1394.0,1480.0,1
4261,MERCEDES BENZ E-Klasse T-Modell (S124) 1986-1993,MERCEDES BENZ,4775.0,1740.0,1491.0,1600.0,2
4262,1985 Mercedes-Benz E-Class (W124),MERCEDES BENZ,4740.0,1740.0,1445.0,,
4263,Mercedes-Benz 190 E 2.3-16 (W201),MERCEDES BENZ,4544.0,1720.0,1326.0,1270.0,1
4264,1982 Mercedes-Benz 190 (W201),MERCEDES BENZ,4448.0,1689.0,1374.0,1300.0,1
4265,MERCEDES BENZ S-Klasse Coupe (C126) 1981-1992,MERCEDES BENZ,4910.0,1829.0,1412.0,1760.0,2
4266,MERCEDES BENZ S-Klasse (W126) 1979-1991,MERCEDES BENZ,5159.0,1821.0,1438.0,1815.0,2
4267,1979 Mercedes-Benz G-Class 5-Door,MERCEDES BENZ,4404.0,1699.0,1951.0,2190.0,2
4268,1979 Mercedes-Benz G-Class 3 Doors,MERCEDES BENZ,4016.0,1699.0,1941.0,1980.0,2
4269,1979 Mercedes-Benz G-Class Convertible (W460),MERCEDES BENZ,4016.0,1699.0,1941.0,1980.0,2
4270,1978 Mercedes S123,MERCEDES BENZ,4765.0,1740.0,1445.0,1670.0,2
4271,MERCEDES BENZ E-Klasse Lang (V123) 1977-1985,MERCEDES BENZ,5354.0,1786.0,1438.0,,
4272,MERCEDES BENZ Coupe (C123) 1977-1985,MERCEDES BENZ,4641.0,1786.0,1394.0,1460.0,1
4273,MERCEDES BENZ E-Klasse (W123) 1975-1985,MERCEDES BENZ,4724.0,1786.0,1438.0,1620.0,2
4274,MERCEDES BENZ SLC (C107) 1972-1981,MERCEDES BENZ,4740.0,1791.0,1331.0,1635.0,2
4275,MERCEDES BENZ S-Klasse (W116) 1972-1980,MERCEDES BENZ,5060.0,1869.0,1410.0,1945.0,2
4276,MERCEDES BENZ SL (R107) 1971-1989,MERCEDES BENZ,4389.0,1791.0,1300.0,1610.0,2
4277,"MERCEDES BENZ ""Strich-Acht"" Coupe (C114) 1969-1977",MERCEDES BENZ,4686.0,1770.0,1397.0,1508.0,1
4278,"MERCEDES BENZ E-Klasse ""Strich-Acht"" (W114/115) 1968-1976",MERCEDES BENZ,4681.0,1770.0,1440.0,1455.0,1
4279,1967 Mercedes-Benz 600 Pullman Landaulet - 6 doors,MERCEDES BENZ,6241.0,1951.0,1501.0,2710.0,3
4280,MERCEDES BENZ 300 SEL 6.3 (W109) 1967-1972,MERCEDES BENZ,5001.0,1811.0,1420.0,17656.0,3
4281,MERCEDES BENZ 600 Pullman Landaulet (V100) 1965-1981,MERCEDES BENZ,6241.0,1951.0,1501.0,2710.0,3
4282,MERCEDES BENZ 600 Landaulet (W100) 1965-1981,MERCEDES BENZ,6241.0,1951.0,1501.0,2710.0,3
4284,1965 Mercedes-Benz 600 Pullman Guard (W100),MERCEDES BENZ,6241.0,1951.0,1501.0,,
4285,MERCEDES BENZ S-Klasse (W108/W109) 1965-1972,MERCEDES BENZ,4900.0,1811.0,1440.0,2060.0,2
4288,MERCEDES BENZ 600 (W100) 1964-1981,MERCEDES BENZ,5540.0,1951.0,1486.0,2475.0,2
4289,MERCEDES BENZ 600 Pullman (W100) 1964-1981,MERCEDES BENZ,6241.0,1951.0,1486.0,2660.0,3
4290,MERCEDES BENZ 600 Pullman 6-door (V100) 1964-1981,MERCEDES BENZ,6241.0,1951.0,1501.0,2710.0,3
4291,1963 MErcedes-Benz SL W113,MERCEDES BENZ,4305.0,1760.0,1321.0,1360.0,1
4292,1961 Mercedes-Benz 220 SE Coupe,MERCEDES BENZ,4879.0,1844.0,1394.0,1650.0,2
4293,1961 Mercedes-Benz 190 (W110),MERCEDES BENZ,4729.0,1796.0,1496.0,1325.0,1
4294,MERCEDES BENZ Cabriolet (W111/112) 1961-1971,MERCEDES BENZ,4879.0,1844.0,1400.0,1715.0,2
4300,1957 Mercedes-Benz Typ 300 (W189),MERCEDES BENZ,5189.0,1859.0,1621.0,1950.0,2
4301,1957 Mercedes-Benz 300 SL Roadster,MERCEDES BENZ,4569.0,1791.0,1300.0,1330.0,1
4302,"1956 Mercedes-Benz ""Ponton"" Coupe (W180/W128)",MERCEDES BENZ,4699.0,1791.0,1529.0,1380.0,1
4314,1951 Mercedes-Benz Model 300 (W186),MERCEDES BENZ,5055.0,1839.0,1600.0,1860.0,2
4318,"1939 Mercedes-Benz ""Grosser Mercedes"" Cabriolet F (W150)",MERCEDES BENZ,5999.0,2070.0,1801.0,,
4320,MERCEDES BENZ Typ 540 K Spezial-Coupe (W29) 1939,MERCEDES BENZ,5100.0,1880.0,1651.0,2400.0,2
4321,"1939 Mercedes-Benz 770 ""Grosser Mercedes"" Pullman",MERCEDES BENZ,5999.0,2070.0,1801.0,4800.0,3
4326,"MERCEDES BENZ Typ 320 ""Autobahnkurier"" (W142) 1938",MERCEDES BENZ,5250.0,1849.0,1519.0,1950.0,2
4329,MERCEDES BENZ Typ 230 N Limousine (W143) 1937,MERCEDES BENZ,4399.0,1709.0,1600.0,1320.0,1
4331,MERCEDES BENZ Typ 230 N Cabriolet C (W143) 1937,MERCEDES BENZ,4399.0,1709.0,,1420.0,1
4333,MERCEDES BENZ Typ 230 Cabriolet D (W143) 1937,MERCEDES BENZ,4389.0,1631.0,1600.0,,
4334,1937 Mercedes-Benz Typ 320 N Coupe,MERCEDES BENZ,4699.0,1770.0,1501.0,1725.0,2
4337,1937 Mercedes-Benz Typ 320 Pullman (W142),MERCEDES BENZ,5250.0,1770.0,1791.0,1950.0,2
4339,MERCEDES BENZ Typ 320 Tourenwagen (W142) 1937,MERCEDES BENZ,5250.0,1770.0,1791.0,,
4342,MERCEDES BENZ Typ 540 K Spezial Roadster (W29) 1937,MERCEDES BENZ,5001.0,1801.0,1529.0,2350.0,2
4343,"MERCEDES BENZ Typ 540 K Sport-Limousine ""Spezial"" (W29) 1937",MERCEDES BENZ,5100.0,1880.0,,,
4345,1936 Mercedes-Benz Typ 170 (W136) Limousine,MERCEDES BENZ,4270.0,1570.0,1560.0,1160.0,1
4347,1936 Mercedes-Benz Typ 170 V Cabriolet B,MERCEDES BENZ,3980.0,1570.0,1560.0,,
4348,MERCEDES BENZ Typ 290 Roadster (W18) 1936,MERCEDES BENZ,4450.0,1730.0,,,
4352,MERCEDES BENZ Typ 500 K Spezial-Roadster (W29) 1936,MERCEDES BENZ,5001.0,1880.0,1519.0,,
4353,MERCEDES BENZ Typ 500 K Sport-Limousine (W29) 1935,MERCEDES BENZ,5169.0,1880.0,1641.0,2350.0,2
4354,MERCEDES BENZ Typ 500 K Luxus-Roadster (W29) 1935,MERCEDES BENZ,5001.0,1880.0,1519.0,,
4361,1934 Mercedes-Benz Typ 130 (W23),MERCEDES BENZ,4051.0,1519.0,1511.0,980.0,1
4365,"MERCEDES BENZ Typ 500 K ""Autobahnkurier"" (W29) 1934",MERCEDES BENZ,5169.0,1880.0,1641.0,2350.0,2
4366,1936 Mercedes-Benz Typ 540 K Cabriolet B,MERCEDES BENZ,5359.0,1930.0,1651.0,2500.0,3
4374,1933 Mercedes-Benz Typ 380 (W22) Cabriolet B,MERCEDES BENZ,4689.0,1730.0,1621.0,2050.0,2
4386,MERCEDES BENZ Typ Stuttgart 260 Sportwagen (W11) 1930,MERCEDES BENZ,4379.0,1679.0,,,
4387,"1930 Mercedes-Benz ""Grosser Mercedes"" W07 Pullman",MERCEDES BENZ,5601.0,1842.0,1829.0,2700.0,3
4389,1929 Mercedes-Benz Typ 260 Cabriolet D,MERCEDES BENZ,4379.0,1679.0,1801.0,1350.0,1
4391,Mercedes Benz Typ Mannheim Sedan (W10),MERCEDES BENZ,4900.0,1740.0,1781.0,1840.0,2
4393,1928 Mercedes-Benz SSK (W06),MERCEDES BENZ,,1699.0,,,
4394,Mercedes-Benz 8/38 Typ Stuttgart 200 (W02),MERCEDES BENZ,4379.0,1679.0,1801.0,1150.0,1
4395,1928 Mercedes-Benz Nurburg Sedan,MERCEDES BENZ,5199.0,1760.0,1900.0,2150.0,2
4399,1927 Mercedes Benz Typ S (W06),MERCEDES BENZ,4699.0,1699.0,1801.0,1900.0,2
4400,1926 Mercedes-Benz 8/38 (W02),MERCEDES BENZ,4059.0,1679.0,1801.0,1150.0,1
4401,1926 Mercedes-Benz W03/W04/W05,MERCEDES BENZ,4651.0,1760.0,1920.0,,
4596,2023 Mitsubishi ASX,MITSUBISHI,4227.0,1796.0,1585.0,1631.0,2
4597,2024 Mitsubishi Colt,MITSUBISHI,,,,,
4598,MITSUBISHI Eclipse Cross 2021-Present,MITSUBISHI,,,,,
4599,MITSUBISHI Outlander,MITSUBISHI,4709.0,1897.0,1745.0,,
4600,2020 Mitsubishi ASX,MITSUBISHI,4366.0,1770.0,1641.0,1475.0,1
4601,MITSUBISHI Mirage,MITSUBISHI,3846.0,7666.0,4506.0,905.0,1
4602,MITSUBISHI Eclipse Cross 2017-2021,MITSUBISHI,,,,,
4604,MITSUBISHI Mirage G4,MITSUBISHI,4244.0,1669.0,1514.0,905.0,1
4605,MITSUBISHI Outlander PHEV,MITSUBISHI,4694.0,1801.0,1709.0,1845.0,2
4606,MITSUBISHI Outlander VRX,MITSUBISHI,4356.0,1811.0,1641.0,1520.0,1
4607,MITSUBISHI Lancer,MITSUBISHI,4625.0,1763.0,1481.0,1425.0,1
4608,MITSUBISHI Mirage GT,MITSUBISHI,3795.0,1666.0,1509.0,940.0,1
4609,2015 Mitsubishi L200 Double Cab,MITSUBISHI,5204.0,1816.0,1781.0,1875.0,2
4610,2015 Mitsubishi L200 Club Cab,MITSUBISHI,5194.0,1786.0,1781.0,1825.0,2
4611,MITSUBISHI Attrage,MITSUBISHI,4244.0,1669.0,1514.0,900.0,1
4615,MITSUBISHI Mirage GLX,MITSUBISHI,3711.0,1666.0,1491.0,890.0,1
4616,MITSUBISHI Outlander SEL,MITSUBISHI,4295.0,1770.0,1615.0,1520.0,1
4617,MITSUBISHI ASX / RVR / Outlander Sport 2010-2012,MITSUBISHI,4295.0,1775.0,1615.0,1585.0,1
4618,MITSUBISHI Eclipse 2009-2012,MITSUBISHI,4582.0,1834.0,1359.0,1637.0,2
4619,MITSUBISHI Eclipse Spyder 2009-2012,MITSUBISHI,4582.0,1834.0,1382.0,1707.0,2
4620,MITSUBISHI i-MiEV 2009-Present,MITSUBISHI,3675.0,1875.0,1615.0,1170.0,1
4622,MITSUBISHI Endeavor 2008-2011,MITSUBISHI,4846.0,1869.0,1768.0,1770.0,2
4623,MITSUBISHI Colt 3 Doors 2008-2012,MITSUBISHI,3879.0,1694.0,1519.0,1060.0,1
4624,MITSUBISHI Colt 5 Doors 2008-2012,MITSUBISHI,3940.0,1694.0,1549.0,1090.0,1
4625,MITSUBISHI Galant 2008-2012,MITSUBISHI,4854.0,1839.0,1473.0,1560.0,1
4626,MITSUBISHI Colt Ralliart 3 Doors 2008-2012,MITSUBISHI,3879.0,1694.0,1519.0,1060.0,1
4627,MITSUBISHI Colt Ralliart 5 Doors 2008-2012,MITSUBISHI,3840.0,1694.0,1549.0,1090.0,1
4633,MITSUBISHI Colt CZC 2006-2012,MITSUBISHI,3879.0,1699.0,1450.0,1200.0,1
4634,MITSUBISHI Pajero Sport,MITSUBISHI,4900.0,1880.0,1869.0,2265.0,2
4635,MITSUBISHI Pajero/Montero/Shogun 3 doors 2006-Present,MITSUBISHI,4379.0,1880.0,1849.0,2085.0,2
4636,MITSUBISHI Eclipse Spyder 2006-2009,MITSUBISHI,4564.0,1834.0,1382.0,1665.0,2
4637,MITSUBISHI Colt CZT 2005-2008,MITSUBISHI,3820.0,1699.0,1519.0,1045.0,1
4638,MITSUBISHI L 200/Triton Crew Cab 2005-Present,MITSUBISHI,5110.0,1801.0,1869.0,1920.0,2
4639,MITSUBISHI L 200/Triton Single Cab 2005-Present,MITSUBISHI,5029.0,1750.0,1656.0,1770.0,2
4640,2005 Mitsubishi Grandis,MITSUBISHI,4760.0,1801.0,1659.0,1685.0,2
4642,MITSUBISHI Raider Double Cab 2005-2009,MITSUBISHI,5585.0,1826.0,1742.0,,
4643,MITSUBISHI Raider Crew Cab 2005-2009,MITSUBISHI,5585.0,1826.0,1742.0,,
4644,MITSUBISHI Eclipse 2005-2009,MITSUBISHI,4564.0,1834.0,1359.0,1575.0,1
4645,2005 Mitsubishi L200/Triton Double Cab,MITSUBISHI,5110.0,1801.0,1869.0,1940.0,2
4646,MITSUBISHI Colt 5 Doors 2004-2008,MITSUBISHI,3871.0,1699.0,1549.0,1060.0,1
4647,MITSUBISHI Colt CZ3 2004-2008,MITSUBISHI,3810.0,1699.0,1519.0,1045.0,1
4648,MITSUBISHI Galant (US) 2004-2008,MITSUBISHI,4841.0,1839.0,1471.0,,
4652,2003 Mitsubishi Outlander / Airtrek,MITSUBISHI,4539.0,1750.0,1621.0,1570.0,1
4656,MITSUBISHI Endeavor 2002-2007,MITSUBISHI,4831.0,1869.0,1709.0,1920.0,2
4657,MITSUBISHI Space Star 2002-2006,MITSUBISHI,4049.0,1715.0,1514.0,1235.0,1
4661,MITSUBISHI Eclipse Spyder 2000-2005,MITSUBISHI,4455.0,1750.0,1311.0,1320.0,1
4662,MITSUBISHI Eclipse 2000-2005,MITSUBISHI,4455.0,1750.0,1311.0,1320.0,1
4668,MITSUBISHI Galant 1997-2004,MITSUBISHI,4630.0,1740.0,1420.0,1463.0,1
4669,MITSUBISHI Galant Station Wagon 1997-2001,MITSUBISHI,4630.0,1740.0,1420.0,1450.0,1
4670,MITSUBISHI Galant Station Wagon VR-4 1997-2001,MITSUBISHI,4740.0,1760.0,1471.0,1520.0,1
4671,MITSUBISHI Galant VR-4 1997-2004,MITSUBISHI,4681.0,1740.0,1420.0,1480.0,1
4672,MITSUBISHI Colt 3 Doors 1996-2004,MITSUBISHI,3879.0,1679.0,1359.0,950.0,1
4674,MITSUBISHI L200 Crew Cab 1995-2005,MITSUBISHI,5126.0,1775.0,1796.0,1795.0,2
4675,MITSUBISHI L200 Double Cab 1995-2005,MITSUBISHI,4920.0,1694.0,1610.0,1840.0,2
4676,MITSUBISHI L200 Single Cab 1995-2005,MITSUBISHI,5009.0,1694.0,1585.0,1410.0,1
4677,MITSUBISHI Eclipse 1995-1999,MITSUBISHI,4379.0,1740.0,1300.0,1305.0,1
4679,MITSUBISHI Carisma Sedan 1995-2004,MITSUBISHI,4435.0,1694.0,1405.0,1175.0,1
4681,MITSUBISHI 3000 GT 1994-2001,MITSUBISHI,4564.0,1839.0,1245.0,1730.0,2
4682,1994 Mitsubishi 3000,MITSUBISHI,4544.0,1839.0,1257.0,1725.0,2
4684,MITSUBISHI Galant 1993-1997,MITSUBISHI,4620.0,1730.0,1400.0,1325.0,1
4685,1993 Mitsubishi Galant Hatchback,MITSUBISHI,4620.0,1730.0,1400.0,1285.0,1
4686,MITSUBISHI Colt 3 Doors 1992-1996,MITSUBISHI,3960.0,1689.0,1359.0,1020.0,1
4688,MITSUBISHI Pajero,MITSUBISHI,4140.0,1781.0,1819.0,1790.0,2
4691,MITSUBISHI Sigma 1991-1996,MITSUBISHI,4750.0,1781.0,1440.0,1579.0,1
4692,MITSUBISHI Space Runner 1991-1999,MITSUBISHI,4270.0,1699.0,1659.0,1228.0,1
4693,MITSUBISHI 3000 GT 1990-1993,MITSUBISHI,4559.0,1839.0,1280.0,1720.0,2
4694,MITSUBISHI 3000 GT 1990-1994,MITSUBISHI,4544.0,1839.0,1257.0,1725.0,2
4696,1990 Mitsubishi Eclipse,MITSUBISHI,4389.0,1694.0,1306.0,1433.0,1
6446,2024 Toyota Yaris,TOYOTA,3940.0,1745.0,1501.0,1140.0,1
6449,2025 Toyota Crown Signia,TOYOTA,4930.0,1880.0,1626.0,1910.0,2
6455,2024 Toyota Century SUV ,TOYOTA,5204.0,1989.0,1806.0,2570.0,3
6456,2024 Toyota Century Sedan,TOYOTA,5334.0,1930.0,1506.0,2370.0,2
6457,2024 Toyota Yaris Cross,TOYOTA,4181.0,1765.0,1595.0,1200.0,1
6460,TOYOTA GR Corolla 2022-Present,TOYOTA,4407.0,1852.0,1453.0,1474.0,1
6461,2023 Toyota Crown,TOYOTA,4928.0,1839.0,1539.0,1953.0,2
6462,2022 Toyota GR Supra,TOYOTA,4382.0,1854.0,1293.0,1547.0,1
6463,Toyota Prius Hybrid,TOYOTA,4460.0,1826.0,1621.0,1508.0,1
6464,Toyota Prius,TOYOTA,4600.0,1781.0,1430.0,1570.0,1
6469,TOYOTA GR 86 2021-Present,TOYOTA,4265.0,1775.0,1311.0,1293.0,1
6470,TOYOTA Corolla Cross  2021-Present,TOYOTA,4460.0,1826.0,1610.0,1495.0,1
6474,Toyota Camry SE,TOYOTA,4879.0,1839.0,1445.0,1742.0,2
6478,Toyota Camry XSE,TOYOTA,4740.0,1854.0,1674.0,1745.0,2
6479,Toyota Camry LE,TOYOTA,5324.0,1854.0,1864.0,2170.0,2
6480,TOYOTA Corolla,TOYOTA,4460.0,1826.0,1621.0,1385.0,1
6483,TOYOTA Corolla SE,TOYOTA,4641.0,1781.0,1435.0,1386.0,1
6484,TOYOTA Corolla XSE,TOYOTA,4976.0,1849.0,1435.0,1650.0,2
6485,TOYOTA Camry TRD 2019-Present,TOYOTA,4943.0,1857.0,1430.0,1620.0,2
6486,TOYOTA Corolla LE,TOYOTA,4379.0,1864.0,1295.0,1520.0,1
6489,Toyota Highlander,TOYOTA,4950.0,1930.0,1730.0,2025.0,2
6517,TOYOTA Highlander SE,TOYOTA,4890.0,1925.0,1730.0,2025.0,2
6518,TOYOTA Highlander XLE,TOYOTA,4620.0,1781.0,1590.0,1470.0,1
6519,TOYOTA Highlander XSE,TOYOTA,5329.0,1801.0,1796.0,1875.0,2
6520,TOYOTA Highlander Limited,TOYOTA,5329.0,1854.0,1811.0,1990.0,2
6523,TOYOTA RAV4 5 Doors 2015-2018,TOYOTA,4661.0,1844.0,1674.0,1675.0,2
6524,TOYOTA Avensis 2015-Present,TOYOTA,4750.0,1811.0,1481.0,1535.0,1
6525,2015 Toyota Avensis Touring Sports,TOYOTA,4821.0,1811.0,1481.0,1565.0,1
6526,2015 Toyota Land Cruiser J200,TOYOTA,4950.0,1979.0,1880.0,2740.0,3
6527,TOYOTA Fortuner 2015-Present,TOYOTA,4796.0,1854.0,1834.0,2135.0,2
6528,2015 Toyota Auris 5 Doors,TOYOTA,4275.0,1760.0,1461.0,1310.0,1
6529,TOYOTA Auris Touring 2015,TOYOTA,4559.0,1760.0,1461.0,1335.0,1
6530,TOYOTA Tacoma Double Cab 2015-2019,TOYOTA,5392.0,1910.0,1793.0,2032.0,2
6531,TOYOTA Avalon 2015-2018,TOYOTA,4961.0,1834.0,1461.0,1630.0,2
6532,2016 Toyota Prius C,TOYOTA,3995.0,1694.0,1445.0,1134.0,1
6533,2016 Toyota Prius,TOYOTA,4539.0,1760.0,1471.0,1450.0,1
6534,TOYOTA Harrier 2014-Present,TOYOTA,4719.0,1834.0,1689.0,1570.0,1
6535,TOYOTA Corolla Altis 2014-Present,TOYOTA,4620.0,1775.0,1461.0,1300.0,1
6536,TOYOTA Aygo 2014-2018,TOYOTA,3454.0,1615.0,1461.0,860.0,1
6537,2015 Toyota Camry XV50,TOYOTA,4849.0,1821.0,1471.0,1581.0,1
6566,TOYOTA Yaris 3 Doors 2011-2014,TOYOTA,3899.0,1694.0,1509.0,1048.0,1
6567,2011 Toyota Hilux Extra Cab,TOYOTA,5260.0,1834.0,1849.0,1960.0,2
6568,2011 Toyota HiLux Double Cab,TOYOTA,5260.0,1834.0,1849.0,2030.0,2
6569,2011 Toyota Hilux Single Cab,TOYOTA,5260.0,1834.0,1849.0,1960.0,2
6570,TOYOTA Etios Liva 2011-Present,TOYOTA,3754.0,1694.0,1509.0,975.0,1
6571,2011Toyota Innova,TOYOTA,4585.0,1760.0,1760.0,1675.0,2
6572,TOYOTA Fortuner 2011-2015,TOYOTA,4704.0,1839.0,1849.0,1970.0,2
6573,TOYOTA FJ Cruiser 2011-2016,TOYOTA,4671.0,1905.0,1829.0,1970.0,2
6574,TOYOTA Tacoma Double Cab 2011-2015,TOYOTA,5286.0,1895.0,1679.0,1914.0,2
6575,TOYOTA Tacoma Access Cab 2011-2015,TOYOTA,5286.0,1834.0,1679.0,1878.0,2
6576,2011 Toyota Prius,TOYOTA,4460.0,1745.0,1481.0,1345.0,1
6577,TOYOTA Sienna 2010-2014,TOYOTA,5085.0,1986.0,1750.0,2080.0,2
6578,TOYOTA Corolla 2010-2013,TOYOTA,4544.0,1760.0,1471.0,1435.0,1
6579,2010 Toyota Auris 5 Doors,TOYOTA,4244.0,1760.0,1514.0,1225.0,1
6580,TOYOTA RAV4 5 Doors 2010-2015,TOYOTA,4445.0,1816.0,1720.0,1665.0,2
6581,TOYOTA Verso-S 2010-Present,TOYOTA,3990.0,1694.0,1595.0,1215.0,1
6582,2010 Toyota Etios,TOYOTA,4265.0,1694.0,1509.0,995.0,1
6583,TOYOTA Aygo 3 doors 2009-2014,TOYOTA,3411.0,1621.0,1461.0,855.0,1
6584,TOYOTA Camry Hybrid,TOYOTA,4806.0,1821.0,1466.0,1580.0,1
6585,2010 Toyota Prius,TOYOTA,4460.0,1745.0,1491.0,1380.0,1
6586,TOYOTA Urban Cruiser 2009-2014,TOYOTA,3929.0,1725.0,1539.0,1175.0,1
6587,TOYOTA 4Runner 2009-2013,TOYOTA,4823.0,1925.0,1816.0,2121.0,2
6588,TOYOTA Venza 2009-2012,TOYOTA,4801.0,1905.0,1610.0,1835.0,2
6589,TOYOTA Avensis 2009-2011,TOYOTA,4694.0,1808.0,1478.0,1515.0,1
6590,TOYOTA Avensis Liftback 2009-2011,TOYOTA,4694.0,1808.0,1478.0,1530.0,1
6591,TOYOTA Avensis Wagon 2009-2015,TOYOTA,4765.0,1808.0,1478.0,1595.0,1
6592,TOYOTA Land Cruiser 150 5 Doors 2009-2013,TOYOTA,4760.0,1885.0,1844.0,2581.0,3
6593,TOYOTA Land Cruiser 150 3 Doors 2009-2013,TOYOTA,4486.0,1885.0,1829.0,2070.0,2
6594,TOYOTA Verso 2009-2013,TOYOTA,4440.0,1791.0,1618.0,1595.0,1
6595,2009 Toyota Matrix,TOYOTA,4366.0,1765.0,1549.0,1485.0,1
6596,2009 Toyota iQ,TOYOTA,2985.0,1679.0,1501.0,1005.0,1
6597,TOYOTA RAV4 5 Doors 2008-2010,TOYOTA,4336.0,1816.0,1720.0,1640.0,2
6598,TOYOTA Yaris 5 Doors 2008-2011,TOYOTA,3785.0,1694.0,1529.0,1095.0,1
6599,TOYOTA Yaris 3 Doors 2008-2011,TOYOTA,3785.0,1694.0,1529.0,1980.0,2
6600,TOYOTA Corolla Verso 2007-2009,TOYOTA,4440.0,1791.0,1631.0,1540.0,1
6601,TOYOTA Sequoia 2007-2017,TOYOTA,5210.0,2029.0,1895.0,2735.0,3
6602,2008 Toyota Highlander,TOYOTA,4785.0,1910.0,1760.0,2045.0,2
6603,2007 Toyota Land Cruiser 200 / V8,TOYOTA,4950.0,1969.0,1864.0,2555.0,3
6604,TOYOTA Yaris TS 5 Doors 2007-2010,TOYOTA,3800.0,1694.0,1529.0,,
6605,TOYOTA Yaris TS 3 Doors 2007-2010,TOYOTA,3800.0,1694.0,1529.0,1151.0,1
6606,TOYOTA Rukus 2007-Present,TOYOTA,4260.0,1760.0,1646.0,1390.0,1
6607,TOYOTA Estima / Previa 2007-Present,TOYOTA,4796.0,1801.0,1750.0,1791.0,2
6609,2007 Toyota Corolla,TOYOTA,4539.0,1760.0,1471.0,1385.0,1
6610,2006 Toyota Yaris 3 Doors,TOYOTA,3749.0,1694.0,1529.0,1030.0,1
6611,TOYOTA Yaris 5 Doors 2006-2008,TOYOTA,3749.0,1694.0,1529.0,1030.0,1
6612,TOYOTA RAV4 5 Doors 2006-2008,TOYOTA,4399.0,1821.0,1720.0,1570.0,1
6613,TOYOTA Tundra Double Cab 2006-2013,TOYOTA,5809.0,2029.0,1930.0,2368.0,2
6614,TOYOTA Tundra Regular Cab 2006-2013,TOYOTA,5545.0,1910.0,1796.0,2046.0,2
6615,2006 Toyota Hilux SW4/Fortuner,TOYOTA,4694.0,1839.0,1849.0,1896.0,2
6616,TOYOTA Avensis 2006-2008,TOYOTA,4641.0,1760.0,1481.0,1435.0,1
6617,TOYOTA Avensis Wagon 2006-2008,TOYOTA,4719.0,1760.0,1519.0,1465.0,1
6618,TOYOTA Tundra Crewmax 2006-2013,TOYOTA,5809.0,2029.0,1925.0,2447.0,2
6619,TOYOTA FJ Cruiser 2006-2010,TOYOTA,4671.0,1895.0,1819.0,4343.0,3
6620,TOYOTA Auris 5 Doors 2006-2010,TOYOTA,4219.0,1760.0,1519.0,1360.0,1
6621,2006 Toyota Auris 3 Doors,TOYOTA,4219.0,1684.0,1519.0,1360.0,1
6622,TOYOTA Avensis Liftback 2006-2008,TOYOTA,4641.0,1760.0,1481.0,1430.0,1
6623,2006 Toyota Prius,TOYOTA,4450.0,1720.0,1491.0,1275.0,1
6624,TOYOTA Aurion 2006-2012,TOYOTA,4826.0,1819.0,1471.0,1615.0,2
6625,TOYOTA Aygo 3 doors 2005-2008,TOYOTA,3411.0,1621.0,1461.0,855.0,1
6626,TOYOTA Aygo 5 doors 2005-2008,TOYOTA,3411.0,1621.0,1461.0,865.0,1
6627,2005 Toyota Hilux Double Cab,TOYOTA,5255.0,1760.0,1694.0,1770.0,2
6628,2005 Toyota Hilux Extra Cab,TOYOTA,5255.0,1760.0,1679.0,1736.0,2
6629,2005 Toyota Hilux Single Cab,TOYOTA,5255.0,1760.0,1679.0,1695.0,2
6630,TOYOTA Avalon 2005-2012,TOYOTA,5009.0,1849.0,1486.0,1583.0,1
6631,TOYOTA Tacoma 2005-2011,TOYOTA,5286.0,1880.0,1656.0,1690.0,2
6632,TOYOTA Corolla Sedan 2004-2007,TOYOTA,4409.0,1709.0,1471.0,1290.0,1
6634,TOYOTA Solara Convertible 2004-2008,TOYOTA,4890.0,1816.0,1425.0,1550.0,1
6635,TOYOTA Sienna 2004-2009,TOYOTA,5105.0,1966.0,1750.0,2025.0,2
6636,TOYOTA Corolla 3 Doors 2004-2007,TOYOTA,4181.0,1709.0,1481.0,1290.0,1
6637,TOYOTA Corolla 5 Doors 2004-2007,TOYOTA,4181.0,1709.0,1481.0,1290.0,1
6638,TOYOTA Corolla Verso 2004-2007,TOYOTA,4360.0,1770.0,1621.0,1485.0,1
6639,TOYOTA Corolla Wagon 2004-2007,TOYOTA,4409.0,1709.0,1501.0,1330.0,1
6640,TOYOTA Avensis 2003-2006,TOYOTA,4630.0,1760.0,1481.0,1430.0,1
6641,TOYOTA Avensis Wagon 2003-2006,TOYOTA,4699.0,1760.0,1519.0,1460.0,1
6642,TOYOTA Avensis Liftback 2003-2006,TOYOTA,4630.0,1760.0,1481.0,1435.0,1
6643,2004 Toyota Prius,TOYOTA,4450.0,1720.0,1491.0,1275.0,1
6644,TOYOTA Land Cruiser 120 5 Doors 2003-2009,TOYOTA,4811.0,1791.0,1849.0,1950.0,2
6645,TOYOTA Land Cruiser 120 3 Doors 2003-2009,TOYOTA,4366.0,1791.0,1849.0,1840.0,2
6646,2003 Toyota Matrix,TOYOTA,4351.0,1775.0,1565.0,1335.0,1
6647,TOYOTA 4Runner 2003-2009,TOYOTA,4806.0,1910.0,1760.0,2043.0,2
6648,TOYOTA Previa 2003-2005,TOYOTA,4780.0,1790.0,1770.0,1675.0,2
6649,TOYOTA Yaris Verso 2003-2007,TOYOTA,3881.0,1689.0,1699.0,1015.0,1
6650,TOYOTA RAV4 5 Doors 2003-2006,TOYOTA,4260.0,1740.0,1699.0,1345.0,1
6651,TOYOTA RAV4 3 Doors 2003-2006,TOYOTA,3871.0,1740.0,1679.0,1285.0,1
6652,TOYOTA Yaris 5 Doors 2003-2005,TOYOTA,3609.0,1666.0,1501.0,925.0,1
6653,TOYOTA Yaris 3 Doors 2003-2005,TOYOTA,3609.0,1661.0,1501.0,915.0,1
6654,TOYOTA Avensis Verso 2003-2006,TOYOTA,4689.0,1760.0,1679.0,1505.0,1
6655,TOYOTA Celica 2002-2006,TOYOTA,4351.0,1740.0,1321.0,1115.0,1
6656,TOYOTA Corolla 5 Doors 2002-2004,TOYOTA,4181.0,1709.0,1481.0,1290.0,1
6657,TOYOTA Corolla 3 Doors 2002-2004,TOYOTA,4181.0,1709.0,1481.0,1290.0,1
6658,TOYOTA Corolla Sedan 2002-2004,TOYOTA,4379.0,1709.0,1471.0,1245.0,1
6659,TOYOTA Corolla Wagon 2002-2004,TOYOTA,4379.0,1709.0,1501.0,1300.0,1
6660,TOYOTA Corolla Verso 2002-2004,TOYOTA,4239.0,1699.0,1610.0,1340.0,1
6661,TOYOTA Corolla (US) 2002-2008,TOYOTA,4529.0,1699.0,1476.0,1211.0,1
6662,TOYOTA Alphard 2002-2007,TOYOTA,4841.0,1806.0,1935.0,2000.0,2
6663,TOYOTA Land Cruiser 100 2002-2007,TOYOTA,4890.0,1941.0,1890.0,2420.0,2
6664,TOYOTA MR2 2002-2005,TOYOTA,3899.0,1699.0,1240.0,965.0,1
6665,TOYOTA Avensis Verso 2001-2003,TOYOTA,4651.0,1760.0,1679.0,1505.0,1
6667,2001 Toyota Highlander,TOYOTA,4689.0,1826.0,1725.0,1925.0,2
6668,TOYOTA Previa 2000-2003,TOYOTA,4750.0,1791.0,1770.0,1645.0,2
6669,TOYOTA MR2 Spyder Cabrio 2000-2002,TOYOTA,3879.0,1699.0,1240.0,950.0,1
6670,TOYOTA Sequoia 2000-2007,TOYOTA,5179.0,2004.0,1849.0,2404.0,2
6671,TOYOTA RAV4 5 Doors 2000-2003,TOYOTA,4201.0,1740.0,1679.0,1370.0,1
6672,TOYOTA RAV4 3 Doors 2000-2003,TOYOTA,3800.0,1740.0,1669.0,1315.0,1
6673,TOYOTA Avensis 2000-2003,TOYOTA,4521.0,1709.0,1420.0,1295.0,1
6674,TOYOTA Avensis Wagon 2000-2003,TOYOTA,4600.0,1709.0,1501.0,1330.0,1
6675,2000 Toyota Corolla 3 Doors,TOYOTA,4120.0,1689.0,1379.0,1170.0,1
6676,2000 Toyota Corolla Sedan,TOYOTA,4321.0,1689.0,1379.0,1169.0,1
6677,2000 Toyota Corolla 5 Doors,TOYOTA,4290.0,1689.0,1379.0,1205.0,1
6678,TOYOTA Corolla Wagon 2000-2002,TOYOTA,4341.0,1689.0,1440.0,1205.0,1
6679,2000 Toyota Celica,TOYOTA,4341.0,1740.0,1321.0,1115.0,1
6680,TOYOTA Tundra Access Cab 1999-2003,TOYOTA,5525.0,1910.0,1796.0,2049.0,2
6681,TOYOTA Yaris Verso 1999-2003,TOYOTA,3858.0,1689.0,1699.0,1045.0,1
6682,TOYOTA Yaris 3 Doors 1999-2003,TOYOTA,3609.0,1661.0,1501.0,915.0,1
6683,TOYOTA Yaris 5 Doors 1999-2003,TOYOTA,3609.0,1661.0,1501.0,925.0,1
6684,TOYOTA Land Cruiser 100 1998-2002,TOYOTA,4890.0,1941.0,1880.0,2650.0,3
6685,1998 Toyota Sienna,TOYOTA,4933.0,1864.0,1709.0,1778.0,2
6686,TOYOTA Avensis 1997-2000,TOYOTA,4491.0,1709.0,1420.0,1295.0,1
6687,1997 Toyota Avensis Liftback,TOYOTA,4491.0,1709.0,1420.0,1315.0,1
6688,TOYOTA Avensis Wagon 1997-2000,TOYOTA,4569.0,1709.0,1501.0,1330.0,1
6690,TOYOTA Corolla 3 Doors 1997-2000,TOYOTA,4300.0,1689.0,1379.0,1100.0,1
6691,TOYOTA Corolla Sedan 1997-2000,TOYOTA,4300.0,1689.0,1379.0,1100.0,1
6692,TOYOTA Corolla 5 Doors 1997-2000,TOYOTA,4270.0,1689.0,1379.0,1135.0,1
6693,TOYOTA Corolla Wagon 1997-2000,TOYOTA,4321.0,1689.0,1440.0,1150.0,1
6694,1997 Toyota Prius,TOYOTA,4140.0,1699.0,1481.0,1225.0,1
6695,TOYOTA Paseo 1996-2000,TOYOTA,4161.0,1661.0,1290.0,895.0,1
6696,Toyota Picnic,TOYOTA,4529.0,1699.0,1621.0,1355.0,1
6697,TOYOTA Starlet 3 Doors 1996-1999,TOYOTA,3741.0,1641.0,1400.0,820.0,1
6698,TOYOTA Starlet 5 Doors 1996-1999,TOYOTA,3739.0,1638.0,1400.0,835.0,1
6699,TOYOTA Prado / Meru 1996-2001,TOYOTA,4293.0,1730.0,1834.0,1815.0,2
6700,TOYOTA Celica Convertible 1995-1999,TOYOTA,4501.0,1750.0,1331.0,1250.0,1
6701,TOYOTA Celica 1994-1999,TOYOTA,4420.0,1750.0,1300.0,1420.0,1
6702,TOYOTA Supra 1993-2002,TOYOTA,4521.0,1811.0,1275.0,1585.0,1
6703,TOYOTA Corolla 3 Doors 1992-1997,TOYOTA,4100.0,1679.0,1379.0,1077.0,1
6704,TOYOTA Corolla Sedan 1992-1997,TOYOTA,4270.0,1679.0,1379.0,1075.0,1
6705,TOYOTA Corolla 5 Doors 1992-1997,TOYOTA,4100.0,1679.0,1379.0,1085.0,1
6706,TOYOTA Corolla Liftback 1992-1997,TOYOTA,4300.0,1679.0,1379.0,1098.0,1
6707,TOYOTA Previa 1992-1998,TOYOTA,4750.0,1801.0,1781.0,1691.0,2
6709,TOYOTA Celica Convertible 1991-1994,TOYOTA,4491.0,1699.0,1321.0,1239.0,1
6710,TOYOTA 4Runner 1990-1995,TOYOTA,4491.0,1689.0,1750.0,1800.0,2
6711,TOYOTA Celica 1990-1994,TOYOTA,4420.0,1699.0,1300.0,1468.0,1
6712,1990 Toyota MR2,TOYOTA,4181.0,1699.0,1240.0,1215.0,1
6713,TOYOTA Starlet 5 Doors 1990-1996,TOYOTA,3719.0,1598.0,1389.0,830.0,1
6714,1991 Toyota Land Cruiser FJ80,TOYOTA,4818.0,1829.0,1910.0,2046.0,2
6715,TOYOTA Starlet 3 Doors 1989-1996,TOYOTA,3721.0,1600.0,1389.0,819.0,1
6717,TOYOTA Corolla 3 Doors 1987-1992,TOYOTA,4001.0,1661.0,1359.0,1033.0,1
6718,TOYOTA Corolla 5 Doors 1987-1992,TOYOTA,4001.0,1661.0,1359.0,1037.0,1
6719,TOYOTA Corolla Liftback 1987-1992,TOYOTA,4219.0,1661.0,1359.0,1074.0,1
6720,TOYOTA MR2 1985-1990,TOYOTA,3919.0,1661.0,1250.0,1034.0,1
6721,TOYOTA Land Cruiser FJ70 Pick-up 1984-1990,TOYOTA,5075.0,1689.0,1969.0,2046.0,2
6722,Toyota Land Cruiser 70 Series,TOYOTA,5060.0,1689.0,2113.0,2270.0,2
6723,TOYOTA Starlet 3 Doors 1984-1989,TOYOTA,3701.0,1590.0,1400.0,793.0,1
6725,TOYOTA Crown 1979-1983,TOYOTA,4859.0,1720.0,1430.0,1442.0,1
6804,VinFast VF 3,VinFast,3721.0,1600.0,1389.0,819.0,1
6805,VinFast VF 5,VinFast,4001.0,1661.0,1359.0,1033.0,1
6806,VinFast VF 6,VinFast,4750.0,1801.0,1781.0,1691.0,2
6807,VinFast VF 8,VinFast,4750.0,1900.0,1661.0,1815.0,2
6808,VinFast VF 9,VinFast,5121.0,1999.0,1722.0,1645.0,2
